gen 	nevals	avg     	std    	min   	max   
0   	200   	-419.804	357.334	-1000 	-189.3
1   	200   	-227.425	147.163	-1000 	-172.4
2   	200   	-198.87 	4.33042	-200  	-172.4
3   	200   	-197.637	6.14176	-200  	-172.4
4   	200   	-195.366	9.75378	-200  	-125.2
5   	200   	-192.401	11.3444	-200  	-125.2
6   	200   	-188.859	12.7387	-200  	-125.2
7   	200   	-184.606	14.124 	-200  	-125.2
8   	200   	-180.364	15.0227	-200  	-125.2
9   	200   	-176.692	15.9635	-200  	-114.4
10  	200   	-172.899	16.6772	-200  	-114.4
11  	200   	-168.612	17.7505	-200  	-114.4
12  	200   	-163.778	19.4101	-200  	-114.4
13  	200   	-159.989	20.1895	-200  	-114.4
14  	200   	-156.219	20.8986	-200  	-114.4
15  	200   	-150.423	21.9797	-200  	-114.4
16  	200   	-145.964	22.6301	-200  	-113.8
17  	200   	-141.641	22.6634	-200  	-111  
18  	200   	-135.991	22.1096	-199.3	-111  
19  	200   	-131.891	20.6415	-199.3	-111  
20  	200   	-128.044	19.8402	-199.3	-111  
21  	200   	-124.287	17.6881	-199.3	-111  
22  	200   	-122.668	16.7465	-199.3	-111  
23  	200   	-120.033	14.3361	-190.8	-111  
24  	200   	-118.263	11.6051	-190.8	-111  
25  	200   	-117.341	10.5927	-190.8	-111  
26  	200   	-116.582	8.87761	-172.4	-111  
27  	200   	-115.729	6.863  	-172.4	-111  
28  	200   	-115.629	6.81136	-172.4	-111  
29  	200   	-115.017	5.16856	-172.4	-111  
30  	200   	-114.644	3.10658	-147.1	-111  
31  	200   	-114.522	3.03325	-147.1	-111  
32  	200   	-114.315	3.09703	-147.1	-104  
33  	200   	-114.282	3.09914	-147.1	-104  
34  	200   	-114.061	2.94716	-147.1	-104  
35  	200   	-113.825	2.94682	-147.1	-104  
36  	200   	-113.732	2.98037	-147.1	-104  
37  	200   	-113.62 	3.04151	-147.1	-104  
38  	200   	-113.515	3.09627	-147.1	-104  
39  	200   	-113.328	3.31012	-147.1	-104  
40  	200   	-113.296	3.31698	-147.1	-104  
41  	200   	-113.078	3.53358	-147.1	-104  
42  	200   	-112.911	3.62232	-147.1	-104  
43  	200   	-112.736	3.73492	-147.1	-104  
44  	200   	-112.638	3.76815	-147.1	-104  
45  	200   	-112.448	3.88636	-147.1	-104  
46  	200   	-112.286	3.94213	-147.1	-104  
47  	200   	-111.907	4.17146	-147.1	-104  
48  	200   	-111.653	4.29967	-147.1	-104  
49  	200   	-111.437	4.35828	-147.1	-104  
50  	200   	-111.078	4.46266	-147.1	-104  
51  	200   	-110.816	4.5693 	-147.1	-104  
52  	200   	-110.313	4.73145	-147.1	-104  
53  	200   	-109.808	4.86697	-147.1	-104  
54  	200   	-109.393	4.91507	-147.1	-104  
55  	200   	-109.054	4.93928	-147.1	-104  
56  	200   	-108.725	4.96436	-147.1	-104  
57  	200   	-108.349	4.98015	-147.1	-104  
58  	200   	-108.151	4.97659	-147.1	-104  
59  	200   	-107.822	4.96313	-147.1	-104  
60  	200   	-107.498	4.92639	-147.1	-104  
61  	200   	-107.249	4.87429	-147.1	-104  
62  	200   	-107.039	4.84056	-147.1	-104  
63  	200   	-106.692	4.6408 	-147.1	-104  
64  	200   	-106.464	4.5796 	-147.1	-104  
65  	200   	-106.163	4.43607	-147.1	-104  
66  	200   	-105.945	4.356  	-147.1	-104  
67  	200   	-105.615	4.17829	-147.1	-104  
68  	200   	-105.614	4.17884	-147.1	-104  
69  	200   	-105.576	4.16379	-147.1	-104  
70  	200   	-105.498	4.13497	-147.1	-104  
71  	200   	-105.443	4.11594	-147.1	-104  
72  	200   	-105.288	3.93629	-147.1	-104  
73  	200   	-105.171	3.85285	-147.1	-104  
74  	200   	-105.102	3.82935	-147.1	-103.1
75  	200   	-105.079	3.82899	-147.1	-103.1
76  	200   	-105.055	3.82849	-147.1	-103.1
77  	200   	-104.919	3.73488	-147.1	-103.1
78  	200   	-104.839	3.68878	-147.1	-103.1
79  	200   	-104.812	3.67565	-147.1	-103.1
80  	200   	-104.764	3.62166	-147.1	-103.1
81  	200   	-104.731	3.59913	-147.1	-103.1
82  	200   	-104.672	3.54133	-147.1	-103.1
83  	200   	-104.671	3.54143	-147.1	-103.1
84  	200   	-104.622	3.48209	-147.1	-103.1
85  	200   	-104.609	3.48225	-147.1	-103  
86  	200   	-104.555	3.42253	-147.1	-103  
87  	200   	-104.52 	3.39209	-147.1	-103  
88  	200   	-104.454	3.32692	-147.1	-103  
89  	200   	-104.449	3.32835	-147.1	-103  
90  	200   	-104.445	3.32956	-147.1	-103  
91  	200   	-104.405	3.29847	-147.1	-103  
92  	200   	-104.37 	3.26527	-147.1	-103  
93  	200   	-104.311	3.20002	-147.1	-103  
94  	200   	-104.306	3.20128	-147.1	-103  
95  	200   	-104.301	3.20254	-147.1	-103  
96  	200   	-104.296	3.20378	-147.1	-103  
97  	200   	-104.283	3.2069 	-147.1	-103  
98  	200   	-104.26 	3.21149	-147.1	-103  
99  	200   	-104.205	3.17792	-147.1	-103  
100 	200   	-104.177	3.18372	-147.1	-103  
101 	200   	-104.172	3.1846 	-147.1	-103  
102 	200   	-104.154	3.18807	-147.1	-103  
103 	200   	-104.131	3.19259	-147.1	-103  
104 	200   	-104.109	3.19674	-147.1	-103  
105 	200   	-104.099	3.19847	-147.1	-103  
106 	200   	-104.062	3.20491	-147.1	-103  
107 	200   	-104.048	3.20704	-147.1	-103  
108 	200   	-104.03 	3.20993	-147.1	-103  
109 	200   	-104.015	3.21207	-147.1	-103  
110 	200   	-104.002	3.214  	-147.1	-103  
111 	200   	-103.978	3.21766	-147.1	-103  
112 	200   	-103.934	3.22361	-147.1	-103  
113 	200   	-103.899	3.22814	-147.1	-102.9
114 	200   	-103.8  	3.14986	-147.1	-102.9
115 	200   	-103.786	3.15102	-147.1	-102.9
116 	200   	-103.734	3.15498	-147.1	-102.9
117 	200   	-103.699	3.15728	-147.1	-102.9
118 	200   	-103.661	3.15916	-147.1	-102.9
119 	200   	-103.636	3.16033	-147.1	-102.9
120 	200   	-103.595	3.1619 	-147.1	-102.9
121 	200   	-103.567	3.1625 	-147.1	-102.9
122 	200   	-103.541	3.16301	-147.1	-102.9
123 	200   	-103.519	3.16361	-147.1	-102.9
124 	200   	-103.502	3.1638 	-147.1	-102.9
125 	200   	-103.487	3.16378	-147.1	-102.9
126 	200   	-103.474	3.16414	-147.1	-102.9
127 	200   	-103.444	3.16382	-147.1	-102.9
128 	200   	-103.433	3.16381	-147.1	-102.9
129 	200   	-103.368	3.11706	-147.1	-102.9
130 	200   	-103.358	3.11672	-147.1	-102.9
131 	200   	-103.347	3.11629	-147.1	-102.9
132 	200   	-103.335	3.11599	-147.1	-102.9
133 	200   	-103.325	3.11549	-147.1	-102.9
134 	200   	-103.309	3.11465	-147.1	-102.9
135 	200   	-103.298	3.1141 	-147.1	-102.9
136 	200   	-103.294	3.11457	-147.1	-102.6
137 	200   	-103.292	3.11474	-147.1	-102.6
138 	200   	-103.29 	3.11494	-147.1	-102.6
139 	200   	-103.269	3.11359	-147.1	-102.6
140 	200   	-103.263	3.11325	-147.1	-102.6
141 	200   	-103.257	3.11297	-147.1	-102.6
142 	200   	-103.256	3.113  	-147.1	-102.6
143 	200   	-103.25 	3.11264	-147.1	-102.6
144 	200   	-103.235	2.90848	-144.2	-102.6
145 	200   	-103.233	2.90856	-144.2	-102.6
146 	200   	-103.233	2.90864	-144.2	-102.6
147 	200   	-103.23 	2.90894	-144.2	-102.6
148 	200   	-103.23 	2.90894	-144.2	-102.6
149 	200   	-103.23 	2.90897	-144.2	-102.6
150 	200   	-103.229	2.90905	-144.2	-102.6
151 	200   	-103.229	2.90905	-144.2	-102.6
152 	200   	-103.222	2.9087 	-144.2	-102.6
153 	200   	-103.222	2.90873	-144.2	-102.6
154 	200   	-103.222	2.90873	-144.2	-102.6
155 	200   	-103.217	2.90825	-144.2	-102.6
156 	200   	-103.21 	2.90807	-144.2	-102.6
157 	200   	-103.205	2.90866	-144.2	-102.4
158 	200   	-103.205	2.90869	-144.2	-102.4
159 	200   	-103.204	2.90876	-144.2	-102.4
160 	200   	-103.203	2.90885	-144.2	-102.4
161 	200   	-103.203	2.90885	-144.2	-102.4
162 	200   	-103.195	2.90863	-144.2	-102.4
163 	200   	-103.19 	2.90945	-144.2	-102.4
164 	200   	-103.187	2.90998	-144.2	-102.4
165 	200   	-103.185	2.9101 	-144.2	-102.4
166 	200   	-103.182	2.91043	-144.2	-102.4
167 	200   	-103.175	2.91151	-144.2	-102.4
168 	200   	-103.161	2.91214	-144.2	-102.4
169 	200   	-103.159	2.91246	-144.2	-102.4
170 	200   	-103.153	2.91321	-144.2	-102.4
171 	200   	-103.148	2.91388	-144.2	-102.4
172 	200   	-103.13 	2.91655	-144.2	-102.4
173 	200   	-103.128	2.91664	-144.2	-102.4
174 	200   	-103.111	2.91894	-144.2	-102.4
175 	200   	-103.097	2.92068	-144.2	-102.4
176 	200   	-103.092	2.92129	-144.2	-102.4
177 	200   	-103.081	2.92244	-144.2	-102.4
178 	200   	-103.078	2.92285	-144.2	-102.4
179 	200   	-103.073	2.92323	-144.2	-102.4
180 	200   	-103.07 	2.92345	-144.2	-102.4
181 	200   	-103.04 	2.9273 	-144.2	-102.4
182 	200   	-103.032	2.92798	-144.2	-102.4
183 	200   	-103.022	2.92918	-144.2	-102.4
184 	200   	-103.012	2.93021	-144.2	-102.4
185 	200   	-103    	2.93131	-144.2	-102.4
186 	200   	-102.985	2.93291	-144.2	-102.4
187 	200   	-102.975	2.93352	-144.2	-102.4
188 	200   	-102.95 	2.93603	-144.2	-102.4
189 	200   	-102.934	2.93742	-144.2	-102.4
190 	200   	-102.923	2.93829	-144.2	-102.4
191 	200   	-102.897	2.63671	-139.9	-102.4
192 	200   	-102.88 	2.638  	-139.9	-102.4
193 	200   	-102.864	2.63913	-139.9	-102.4
194 	200   	-102.852	2.63994	-139.9	-102.4
195 	200   	-102.836	2.64089	-139.9	-102.4
196 	200   	-102.82 	2.6419 	-139.9	-102.4
197 	200   	-102.795	2.64297	-139.9	-102.4
198 	200   	-102.788	2.64323	-139.9	-102.4
199 	200   	-102.765	2.64405	-139.9	-102.4
200 	200   	-102.756	2.64425	-139.9	-102.4
201 	200   	-102.74 	2.64492	-139.9	-102.4
202 	200   	-102.659	1.86626	-128.8	-102.4
203 	200   	-102.642	1.86581	-128.8	-102.4
204 	200   	-102.641	1.86588	-128.8	-102.4
205 	200   	-102.637	1.86586	-128.8	-102.4
206 	200   	-102.628	1.86561	-128.8	-102.4
207 	200   	-102.615	1.86526	-128.8	-102.4
208 	200   	-102.608	1.8651 	-128.8	-102.4
209 	200   	-102.603	1.86499	-128.8	-102.4
210 	200   	-102.597	1.86476	-128.8	-102.4
211 	200   	-102.594	1.86466	-128.8	-102.3
212 	200   	-102.59 	1.86447	-128.8	-102.3
213 	200   	-102.582	1.86418	-128.8	-102.3
214 	200   	-102.575	1.86414	-128.8	-102.3
215 	200   	-102.569	1.86382	-128.8	-102.3
216 	200   	-102.567	1.86387	-128.8	-102.3
217 	200   	-102.562	1.86372	-128.8	-102.3
218 	200   	-102.555	1.8634 	-128.8	-102.3
219 	200   	-102.547	1.86268	-128.8	-102.3
220 	200   	-102.547	1.86268	-128.8	-102.3
221 	200   	-102.545	1.86271	-128.8	-102.3
222 	200   	-102.542	1.86248	-128.8	-102.3
223 	200   	-102.54 	1.8625 	-128.8	-102.3
224 	200   	-102.54 	1.8625 	-128.8	-102.3
225 	200   	-102.54 	1.86252	-128.8	-102.3
226 	200   	-102.54 	1.86252	-128.8	-102.3
227 	200   	-102.535	1.86233	-128.8	-102.3
228 	200   	-102.535	1.86233	-128.8	-102.3
229 	200   	-102.535	1.86235	-128.8	-102.3
230 	200   	-102.535	1.86235	-128.8	-102.3
231 	200   	-102.534	1.8624 	-128.8	-102.3
232 	200   	-102.534	1.8624 	-128.8	-102.3
233 	200   	-102.533	1.8625 	-128.8	-102.3
234 	200   	-102.533	1.8625 	-128.8	-102.3
235 	200   	-102.532	1.86255	-128.8	-102.3
236 	200   	-102.532	1.86255	-128.8	-102.3
237 	200   	-102.532	1.86255	-128.8	-102.3
238 	200   	-102.532	1.8626 	-128.8	-102.3
239 	200   	-102.53 	1.86266	-128.8	-102.3
240 	200   	-102.53 	1.86266	-128.8	-102.3
241 	200   	-102.528	1.8625 	-128.8	-102.3
242 	200   	-102.528	1.8625 	-128.8	-102.3
243 	200   	-102.528	1.86255	-128.8	-102.3
244 	200   	-102.527	1.8626 	-128.8	-102.3
245 	200   	-102.527	1.86265	-128.8	-102.3
246 	200   	-102.525	1.86274	-128.8	-102.3
247 	200   	-102.525	1.86274	-128.8	-102.3
248 	200   	-102.525	1.86274	-128.8	-102.3
249 	200   	-102.525	1.86283	-128.8	-102.3
250 	200   	-102.524	1.86288	-128.8	-102.3
251 	200   	-102.523	1.86293	-128.8	-102.3
252 	200   	-102.523	1.86293	-128.8	-102.3
253 	200   	-102.522	1.86302	-128.8	-102.3
254 	200   	-102.522	1.86307	-128.8	-102.3
255 	200   	-102.522	1.86311	-128.8	-102.3
256 	200   	-102.521	1.8632 	-128.8	-102.3
257 	200   	-102.519	1.86334	-128.8	-102.3
258 	200   	-102.519	1.86334	-128.8	-102.3
259 	200   	-102.519	1.86339	-128.8	-102.3
260 	200   	-102.517	1.86352	-128.8	-102.3
261 	200   	-102.517	1.86352	-128.8	-102.3
262 	200   	-102.515	1.8637 	-128.8	-102.3
263 	200   	-102.515	1.86374	-128.8	-102.3
264 	200   	-102.514	1.86383	-128.8	-102.3
265 	200   	-102.513	1.86388	-128.8	-102.3
266 	200   	-102.512	1.86396	-128.8	-102.3
267 	200   	-102.511	1.86401	-128.8	-102.3
268 	200   	-102.51 	1.86409	-128.8	-102.3
269 	200   	-102.51 	1.86409	-128.8	-102.3
270 	200   	-102.509	1.86418	-128.8	-102.3
271 	200   	-102.509	1.86418	-128.8	-102.3
272 	200   	-102.509	1.86422	-128.8	-102.3
273 	200   	-102.508	1.86431	-128.8	-102.3
274 	200   	-102.507	1.86435	-128.8	-102.3
275 	200   	-102.505	1.86452	-128.8	-102.3
276 	200   	-102.504	1.86464	-128.8	-102.3
277 	200   	-102.503	1.86472	-128.8	-102.3
278 	200   	-102.502	1.86476	-128.8	-102.3
279 	200   	-102.501	1.86485	-128.8	-102.3
280 	200   	-102.501	1.86489	-128.8	-102.3
281 	200   	-102.5  	1.86493	-128.8	-102.3
282 	200   	-102.499	1.86505	-128.8	-102.3
283 	200   	-102.497	1.86521	-128.8	-102.3
284 	200   	-102.496	1.86528	-128.8	-102.3
285 	200   	-102.496	1.86528	-128.8	-102.3
286 	200   	-102.495	1.86532	-128.8	-102.3
287 	200   	-102.495	1.86536	-128.8	-102.3
288 	200   	-102.493	1.86548	-128.8	-102.3
289 	200   	-102.493	1.86548	-128.8	-102.3
290 	200   	-102.493	1.86548	-128.8	-102.3
291 	200   	-102.493	1.86555	-128.8	-102.3
292 	200   	-102.49 	1.86571	-128.8	-102.3
293 	200   	-102.49 	1.86574	-128.8	-102.3
294 	200   	-102.489	1.86586	-128.8	-102.3
295 	200   	-102.488	1.86589	-128.8	-102.3
296 	200   	-102.486	1.86604	-128.8	-102.3
297 	200   	-102.485	1.86611	-128.8	-102.3
298 	200   	-102.483	1.86623	-128.8	-102.3
299 	200   	-102.479	1.86648	-128.8	-102.3
300 	200   	-102.476	1.86684	-128.8	-102  
301 	200   	-102.476	1.86684	-128.8	-102  
302 	200   	-102.475	1.86691	-128.8	-102  
303 	200   	-102.474	1.86701	-128.8	-102  
304 	200   	-102.473	1.86708	-128.8	-102  
305 	200   	-102.473	1.86708	-128.8	-102  
306 	200   	-102.473	1.86708	-128.8	-102  
307 	200   	-102.472	1.86714	-128.8	-102  
308 	200   	-102.47 	1.86727	-128.8	-102  
309 	200   	-102.469	1.86733	-128.8	-102  
310 	200   	-102.468	1.86737	-128.8	-102  
311 	200   	-102.468	1.86743	-128.8	-102  
312 	200   	-102.467	1.86746	-128.8	-102  
313 	200   	-102.465	1.86778	-128.8	-102  
314 	200   	-102.463	1.86787	-128.8	-102  
315 	200   	-102.461	1.86796	-128.8	-102  
316 	200   	-102.46 	1.86802	-128.8	-102  
317 	200   	-102.46 	1.86802	-128.8	-102  
318 	200   	-102.46 	1.86802	-128.8	-102  
319 	200   	-102.459	1.86811	-128.8	-102  
320 	200   	-102.458	1.86816	-128.8	-102  
321 	200   	-102.457	1.86819	-128.8	-102  
322 	200   	-102.456	1.86825	-128.8	-102  
323 	200   	-102.456	1.86828	-128.8	-102  
324 	200   	-102.454	1.86836	-128.8	-102  
325 	200   	-102.454	1.86836	-128.8	-102  
326 	200   	-102.452	1.86866	-128.8	-102  
327 	200   	-102.452	1.86866	-128.8	-102  
328 	200   	-102.451	1.86872	-128.8	-102  
329 	200   	-102.45 	1.86877	-128.8	-102  
330 	200   	-102.45 	1.86877	-128.8	-102  
331 	200   	-102.449	1.86882	-128.8	-102  
332 	200   	-102.448	1.86885	-128.8	-102  
333 	200   	-102.447	1.86909	-128.8	-102  
334 	200   	-102.447	1.86909	-128.8	-102  
335 	200   	-102.447	1.86909	-128.8	-102  
336 	200   	-102.447	1.86909	-128.8	-102  
337 	200   	-102.446	1.86911	-128.8	-102  
338 	200   	-102.445	1.86917	-128.8	-102  
339 	200   	-102.445	1.86919	-128.8	-102  
340 	200   	-102.444	1.86922	-128.8	-102  
341 	200   	-102.444	1.86922	-128.8	-102  
342 	200   	-102.444	1.86924	-128.8	-102  
343 	200   	-102.442	1.8695 	-128.8	-102  
344 	200   	-102.441	1.86953	-128.8	-102  
345 	200   	-102.438	1.86999	-128.8	-102  
346 	200   	-102.436	1.87025	-128.8	-102  
347 	200   	-102.435	1.87047	-128.8	-102  
348 	200   	-102.435	1.87047	-128.8	-102  
349 	200   	-102.434	1.8705 	-128.8	-102  
350 	200   	-102.434	1.8705 	-128.8	-102  
351 	200   	-102.434	1.8705 	-128.8	-102  
352 	200   	-102.434	1.8705 	-128.8	-102  
353 	200   	-102.433	1.87054	-128.8	-102  
354 	200   	-102.433	1.87056	-128.8	-102  
355 	200   	-102.431	1.87079	-128.8	-102  
356 	200   	-102.431	1.87081	-128.8	-102  
357 	200   	-102.429	1.87104	-128.8	-102  
358 	200   	-102.429	1.87106	-128.8	-102  
359 	200   	-102.429	1.87106	-128.8	-102  
360 	200   	-102.428	1.87108	-128.8	-102  
361 	200   	-102.427	1.87112	-128.8	-102  
362 	200   	-102.427	1.87114	-128.8	-102  
363 	200   	-102.425	1.87136	-128.8	-102  
364 	200   	-102.423	1.87165	-128.8	-102  
365 	200   	-102.421	1.87171	-128.8	-102  
366 	200   	-102.42 	1.87192	-128.8	-102  
367 	200   	-102.42 	1.87192	-128.8	-102  
368 	200   	-102.418	1.87216	-128.8	-102  
369 	200   	-102.418	1.87216	-128.8	-102  
370 	200   	-102.416	1.87239	-128.8	-102  
371 	200   	-102.415	1.87241	-128.8	-102  
372 	200   	-102.412	1.87283	-128.8	-102  
373 	200   	-102.412	1.87283	-128.8	-102  
374 	200   	-102.411	1.87304	-128.8	-102  
375 	200   	-102.411	1.87304	-128.8	-102  
376 	200   	-102.409	1.87325	-128.8	-102  
377 	200   	-102.409	1.87325	-128.8	-102  
378 	200   	-102.407	1.87347	-128.8	-102  
379 	200   	-102.406	1.87368	-128.8	-102  
380 	200   	-102.401	1.8743 	-128.8	-102  
381 	200   	-102.401	1.8743 	-128.8	-102  
382 	200   	-102.398	1.8747 	-128.8	-102  
383 	200   	-102.338	1.03787	-116.9	-102  
384 	200   	-102.337	1.03814	-116.9	-102  
385 	200   	-102.337	1.03813	-116.9	-102  
386 	200   	-102.333	1.03866	-116.9	-102  
387 	200   	-102.328	1.0393 	-116.9	-102  
388 	200   	-102.321	1.04028	-116.9	-102  
389 	200   	-102.317	1.04101	-116.9	-102  
390 	200   	-102.311	1.04196	-116.9	-102  
391 	200   	-102.304	1.04285	-116.9	-102  
392 	200   	-102.298	1.04372	-116.9	-102  
393 	200   	-102.293	1.04432	-116.9	-102  
394 	200   	-102.292	1.04453	-116.9	-102  
395 	200   	-102.287	1.0451 	-116.9	-102  
396 	200   	-102.285	1.04529	-116.9	-102  
397 	200   	-102.284	1.04549	-116.9	-102  
398 	200   	-102.279	1.04605	-116.9	-102  
399 	200   	-102.273	1.04678	-116.9	-102  
400 	200   	-102.27 	1.04713	-116.9	-102  
401 	200   	-102.264	1.0478 	-116.9	-102  
402 	200   	-102.262	1.04812	-116.9	-102  
403 	200   	-102.26 	1.04828	-116.9	-102  
404 	200   	-102.256	1.04874	-116.9	-102  
405 	200   	-102.255	1.04884	-116.9	-102  
406 	200   	-102.255	1.04884	-116.9	-102  
407 	200   	-102.255	1.04884	-116.9	-102  
408 	200   	-102.254	1.04899	-116.9	-102  
409 	200   	-102.252	1.04914	-116.9	-102  
410 	200   	-102.249	1.04943	-116.9	-102  
411 	200   	-102.243	1.04998	-116.9	-102  
412 	200   	-102.24 	1.05019	-116.9	-102  
413 	200   	-102.235	1.05051	-116.9	-102  
414 	200   	-102.233	1.05063	-116.9	-102  
415 	200   	-102.228	1.05109	-116.9	-102  
416 	200   	-102.223	1.05141	-116.9	-102  
417 	200   	-102.221	1.05152	-116.9	-102  
418 	200   	-102.221	1.05152	-116.9	-102  
419 	200   	-102.217	1.05181	-116.9	-102  
420 	200   	-102.217	1.05181	-116.9	-102  
421 	200   	-102.215	1.05191	-116.9	-102  
422 	200   	-102.211	1.05218	-116.9	-102  
423 	200   	-102.208	1.05235	-116.9	-102  
424 	200   	-102.204	1.05259	-116.9	-102  
425 	200   	-102.202	1.05266	-116.9	-102  
426 	200   	-102.199	1.05281	-116.9	-102  
427 	200   	-102.197	1.05285	-116.9	-102  
428 	200   	-102.195	1.05291	-116.9	-102  
429 	200   	-102.194	1.05298	-116.9	-102  
430 	200   	-102.192	1.05304	-116.9	-102  
431 	200   	-102.189	1.05316	-116.9	-102  
432 	200   	-102.188	1.05321	-116.9	-102  
433 	200   	-102.186	1.05327	-116.9	-102  
434 	200   	-102.185	1.05332	-116.9	-102  
435 	200   	-102.183	1.05336	-116.9	-102  
436 	200   	-102.182	1.05341	-116.9	-102  
437 	200   	-102.18 	1.05346	-116.9	-102  
438 	200   	-102.179	1.0535 	-116.9	-102  
439 	200   	-102.176	1.05358	-116.9	-102  
440 	200   	-102.173	1.05365	-116.9	-102  
441 	200   	-102.173	1.05365	-116.9	-102  
442 	200   	-102.168	1.05374	-116.9	-102  
443 	200   	-102.168	1.05374	-116.9	-102  
444 	200   	-102.168	1.05374	-116.9	-102  
445 	200   	-102.165	1.05378	-116.9	-102  
446 	200   	-102.162	1.05373	-116.9	-102  
447 	200   	-102.159	1.05376	-116.9	-102  
448 	200   	-102.157	1.05378	-116.9	-102  
449 	200   	-102.157	1.05378	-116.9	-102  
450 	200   	-102.157	1.05378	-116.9	-102  
451 	200   	-102.157	1.05378	-116.9	-102  
452 	200   	-102.155	1.05379	-116.9	-102  
453 	200   	-102.151	1.0538 	-116.9	-102  
454 	200   	-102.148	1.0538 	-116.9	-102  
455 	200   	-102.145	1.05379	-116.9	-102  
456 	200   	-102.145	1.05379	-116.9	-102  
457 	200   	-102.144	1.05379	-116.9	-102  
458 	200   	-102.142	1.05378	-116.9	-102  
459 	200   	-102.141	1.05376	-116.9	-102  
460 	200   	-102.14 	1.05375	-116.9	-102  
461 	200   	-102.138	1.05373	-116.9	-102  
462 	200   	-102.136	1.05372	-116.9	-102  
463 	200   	-102.132	1.0537 	-116.9	-102  
464 	200   	-102.132	1.0537 	-116.9	-102  
465 	200   	-102.128	1.05362	-116.9	-102  
466 	200   	-102.128	1.05362	-116.9	-102  
467 	200   	-102.128	1.05362	-116.9	-102  
468 	200   	-102.125	1.05355	-116.9	-102  
469 	200   	-102.125	1.05355	-116.9	-102  
470 	200   	-102.125	1.05355	-116.9	-102  
471 	200   	-102.122	1.05348	-116.9	-102  
472 	200   	-102.12 	1.05344	-116.9	-102  
473 	200   	-102.119	1.05339	-116.9	-102  
474 	200   	-102.118	1.05335	-116.9	-102  
475 	200   	-102.116	1.0533 	-116.9	-102  
476 	200   	-102.115	1.05325	-116.9	-102  
477 	200   	-102.115	1.05325	-116.9	-102  
478 	200   	-102.115	1.05325	-116.9	-102  
479 	200   	-102.112	1.05309	-116.9	-102  
480 	200   	-102.112	1.05309	-116.9	-102  
481 	200   	-102.112	1.05309	-116.9	-102  
482 	200   	-102.111	1.05303	-116.9	-102  
483 	200   	-102.111	1.05303	-116.9	-102  
484 	200   	-102.109	1.05298	-116.9	-102  
485 	200   	-102.106	1.05286	-116.9	-102  
486 	200   	-102.105	1.05279	-116.9	-102  
487 	200   	-102.103	1.05273	-116.9	-102  
488 	200   	-102.103	1.05273	-116.9	-102  
489 	200   	-102.103	1.05273	-116.9	-102  
490 	200   	-102.103	1.05273	-116.9	-102  
491 	200   	-102.103	1.05273	-116.9	-102  
492 	200   	-102.103	1.05273	-116.9	-102  
493 	200   	-102.103	1.05273	-116.9	-102  
494 	200   	-102.103	1.05273	-116.9	-102  
495 	200   	-102.102	1.05266	-116.9	-102  
496 	200   	-102.102	1.05266	-116.9	-102  
497 	200   	-102.102	1.05266	-116.9	-102  
498 	200   	-102.102	1.05266	-116.9	-102  
499 	200   	-102.102	1.05266	-116.9	-102  
500 	200   	-102.1  	1.05259	-116.9	-102  
501 	200   	-102.1  	1.05259	-116.9	-102  
502 	200   	-102.1  	1.05259	-116.9	-102  
503 	200   	-102.1  	1.05259	-116.9	-102  
504 	200   	-102.1  	1.05259	-116.9	-102  
505 	200   	-102.1  	1.05259	-116.9	-102  
506 	200   	-102.1  	1.05259	-116.9	-102  
507 	200   	-102.098	1.05242	-116.9	-102  
508 	200   	-102.098	1.05242	-116.9	-102  
509 	200   	-102.093	1.05207	-116.9	-102  
510 	200   	-102.093	1.05207	-116.9	-102  
511 	200   	-102.093	1.05207	-116.9	-102  
512 	200   	-102.093	1.05207	-116.9	-102  
513 	200   	-102.093	1.05207	-116.9	-102  
514 	200   	-102.093	1.05207	-116.9	-102  
515 	200   	-102.093	1.05207	-116.9	-102  
516 	200   	-102.093	1.05207	-116.9	-102  
517 	200   	-102.092	1.05199	-116.9	-102  
518 	200   	-102.09 	1.0519 	-116.9	-102  
519 	200   	-102.09 	1.0519 	-116.9	-102  
520 	200   	-102.09 	1.0519 	-116.9	-102  
521 	200   	-102.09 	1.0519 	-116.9	-102  
522 	200   	-102.09 	1.0519 	-116.9	-102  
523 	200   	-102.09 	1.0519 	-116.9	-102  
524 	200   	-102.09 	1.0519 	-116.9	-102  
525 	200   	-102.09 	1.0519 	-116.9	-102  
526 	200   	-102.089	1.05182	-116.9	-102  
527 	200   	-102.089	1.05182	-116.9	-102  
528 	200   	-102.087	1.05173	-116.9	-102  
529 	200   	-102.087	1.05173	-116.9	-102  
530 	200   	-102.087	1.05173	-116.9	-102  
531 	200   	-102.087	1.05173	-116.9	-102  
532 	200   	-102.087	1.05173	-116.9	-102  
533 	200   	-102.087	1.05173	-116.9	-102  
534 	200   	-102.087	1.05173	-116.9	-102  
535 	200   	-102.087	1.05173	-116.9	-102  
536 	200   	-102.085	1.05165	-116.9	-102  
537 	200   	-102.085	1.05165	-116.9	-102  
538 	200   	-102.085	1.05165	-116.9	-102  
539 	200   	-102.085	1.05165	-116.9	-102  
540 	200   	-102.085	1.05165	-116.9	-102  
541 	200   	-102.085	1.05165	-116.9	-102  
542 	200   	-102.085	1.05165	-116.9	-102  
543 	200   	-102.085	1.05165	-116.9	-102  
544 	200   	-102.084	1.05156	-116.9	-102  
545 	200   	-102.084	1.05156	-116.9	-102  
546 	200   	-102.084	1.05156	-116.9	-102  
547 	200   	-102.084	1.05156	-116.9	-102  
548 	200   	-102.081	1.05137	-116.9	-102  
549 	200   	-102.078	1.05116	-116.9	-102  
550 	200   	-102.078	1.05116	-116.9	-102  
551 	200   	-102.078	1.05116	-116.9	-102  
552 	200   	-102.078	1.05116	-116.9	-102  
553 	200   	-102.078	1.05116	-116.9	-102  
554 	200   	-102.078	1.05116	-116.9	-102  
555 	200   	-102.078	1.05116	-116.9	-102  
556 	200   	-102.078	1.05116	-116.9	-102  
557 	200   	-102.078	1.05116	-116.9	-102  
558 	200   	-102.078	1.05116	-116.9	-102  
559 	200   	-102.078	1.05116	-116.9	-102  
560 	200   	-102.078	1.05116	-116.9	-102  
561 	200   	-102.078	1.05116	-116.9	-102  
562 	200   	-102.076	1.05106	-116.9	-102  
563 	200   	-102.076	1.05106	-116.9	-102  
564 	200   	-102.076	1.05106	-116.9	-102  
565 	200   	-102.076	1.05106	-116.9	-102  
566 	200   	-102.076	1.05106	-116.9	-102  
567 	200   	-102.076	1.05106	-116.9	-102  
568 	200   	-102.076	1.05106	-116.9	-102  
569 	200   	-102.076	1.05106	-116.9	-102  
570 	200   	-102.076	1.05106	-116.9	-102  
571 	200   	-102.076	1.05106	-116.9	-102  
572 	200   	-102.076	1.05106	-116.9	-102  
573 	200   	-102.076	1.05106	-116.9	-102  
574 	200   	-102.076	1.05106	-116.9	-102  
575 	200   	-102.076	1.05106	-116.9	-102  
576 	200   	-102.076	1.05106	-116.9	-102  
577 	200   	-102.076	1.05106	-116.9	-102  
578 	200   	-102.076	1.05106	-116.9	-102  
579 	200   	-102.076	1.05106	-116.9	-102  
580 	200   	-102.076	1.05106	-116.9	-102  
581 	200   	-102.076	1.05106	-116.9	-102  
582 	200   	-102.076	1.05106	-116.9	-102  
583 	200   	-102.076	1.05106	-116.9	-102  
584 	200   	-102.076	1.05106	-116.9	-102  
585 	200   	-102.076	1.05106	-116.9	-102  
586 	200   	-102.076	1.05106	-116.9	-102  
587 	200   	-102.076	1.05106	-116.9	-102  
588 	200   	-102.076	1.05106	-116.9	-102  
589 	200   	-102.076	1.05106	-116.9	-102  
590 	200   	-102.076	1.05106	-116.9	-102  
591 	200   	-102.076	1.05106	-116.9	-102  
592 	200   	-102.076	1.05106	-116.9	-102  
593 	200   	-102.076	1.05106	-116.9	-102  
594 	200   	-102.076	1.05106	-116.9	-102  
595 	200   	-102.076	1.05106	-116.9	-102  
596 	200   	-102.076	1.05106	-116.9	-102  
597 	200   	-102.076	1.05106	-116.9	-102  
598 	200   	-102.076	1.05106	-116.9	-102  
599 	200   	-102.076	1.05106	-116.9	-102  
600 	200   	-102.076	1.05106	-116.9	-102  
601 	200   	-102.076	1.05106	-116.9	-102  
602 	200   	-102.076	1.05106	-116.9	-102  
603 	200   	-102.076	1.05106	-116.9	-102  
604 	200   	-102.076	1.05106	-116.9	-102  
605 	200   	-102.076	1.05106	-116.9	-102  
606 	200   	-102.076	1.05106	-116.9	-102  
607 	200   	-102.076	1.05106	-116.9	-102  
608 	200   	-102.076	1.05106	-116.9	-102  
609 	200   	-102.076	1.05106	-116.9	-102  
610 	200   	-102.076	1.05106	-116.9	-102  
611 	200   	-102.076	1.05106	-116.9	-102  
612 	200   	-102.076	1.05106	-116.9	-102  
613 	200   	-102.076	1.05106	-116.9	-102  
614 	200   	-102.076	1.05106	-116.9	-102  
615 	200   	-102.076	1.05106	-116.9	-102  
616 	200   	-102.076	1.05106	-116.9	-102  
617 	200   	-102.076	1.05106	-116.9	-102  
618 	200   	-102.076	1.05106	-116.9	-102  
619 	200   	-102.076	1.05106	-116.9	-102  
620 	200   	-102.076	1.05106	-116.9	-102  
621 	200   	-102.076	1.05106	-116.9	-102  
622 	200   	-102.076	1.05106	-116.9	-102  
623 	200   	-102.076	1.05106	-116.9	-102  
624 	200   	-102.076	1.05106	-116.9	-102  
625 	200   	-102.076	1.05106	-116.9	-102  
626 	200   	-102.076	1.05106	-116.9	-102  
627 	200   	-102.076	1.05106	-116.9	-102  
628 	200   	-102.076	1.05106	-116.9	-102  
629 	200   	-102.076	1.05106	-116.9	-102  
630 	200   	-102.076	1.05106	-116.9	-102  
631 	200   	-102.076	1.05106	-116.9	-102  
632 	200   	-102.076	1.05106	-116.9	-102  
633 	200   	-102.076	1.05106	-116.9	-102  
634 	200   	-102.076	1.05106	-116.9	-102  
635 	200   	-102.076	1.05106	-116.9	-102  
636 	200   	-102.076	1.05106	-116.9	-102  
637 	200   	-102.076	1.05106	-116.9	-102  
638 	200   	-102.076	1.05106	-116.9	-102  
639 	200   	-102.076	1.05106	-116.9	-102  
640 	200   	-102.076	1.05106	-116.9	-102  
641 	200   	-102.076	1.05106	-116.9	-102  
642 	200   	-102.076	1.05106	-116.9	-102  
643 	200   	-102.076	1.05106	-116.9	-102  
644 	200   	-102.076	1.05106	-116.9	-102  
645 	200   	-102.076	1.05106	-116.9	-102  
646 	200   	-102.076	1.05106	-116.9	-102  
647 	200   	-102.076	1.05106	-116.9	-102  
648 	200   	-102.076	1.05106	-116.9	-102  
649 	200   	-102.076	1.05106	-116.9	-102  
650 	200   	-102.076	1.05106	-116.9	-102  
651 	200   	-102.076	1.05106	-116.9	-102  
652 	200   	-102.076	1.05106	-116.9	-102  
653 	200   	-102.076	1.05106	-116.9	-102  
654 	200   	-102.076	1.05106	-116.9	-102  
655 	200   	-102.076	1.05106	-116.9	-102  
656 	200   	-102.076	1.05106	-116.9	-102  
657 	200   	-102.076	1.05106	-116.9	-102  
658 	200   	-102.076	1.05106	-116.9	-102  
659 	200   	-102.076	1.05106	-116.9	-102  
660 	200   	-102.076	1.05106	-116.9	-102  
661 	200   	-102.076	1.05106	-116.9	-102  
662 	200   	-102.076	1.05106	-116.9	-102  
663 	200   	-102.076	1.05106	-116.9	-102  
664 	200   	-102.076	1.05106	-116.9	-102  
665 	200   	-102.076	1.05106	-116.9	-102  
666 	200   	-102.076	1.05106	-116.9	-102  
667 	200   	-102.076	1.05106	-116.9	-102  
668 	200   	-102.076	1.05106	-116.9	-102  
669 	200   	-102.076	1.05106	-116.9	-102  
670 	200   	-102.076	1.05106	-116.9	-102  
671 	200   	-102.076	1.05106	-116.9	-102  
672 	200   	-102.076	1.05106	-116.9	-102  
673 	200   	-102.076	1.05106	-116.9	-102  
674 	200   	-102.076	1.05106	-116.9	-102  
675 	200   	-102.076	1.05106	-116.9	-102  
676 	200   	-102.076	1.05106	-116.9	-102  
677 	200   	-102.076	1.05106	-116.9	-102  
678 	200   	-102.076	1.05106	-116.9	-102  
679 	200   	-102.076	1.05106	-116.9	-102  
680 	200   	-102.076	1.05106	-116.9	-102  
681 	200   	-102.076	1.05106	-116.9	-102  
682 	200   	-102.076	1.05106	-116.9	-102  
683 	200   	-102.076	1.05106	-116.9	-102  
684 	200   	-102.076	1.05106	-116.9	-102  
685 	200   	-102.076	1.05106	-116.9	-102  
686 	200   	-102.076	1.05106	-116.9	-102  
687 	200   	-102.076	1.05106	-116.9	-102  
688 	200   	-102.076	1.05106	-116.9	-102  
689 	200   	-102.076	1.05106	-116.9	-102  
690 	200   	-102.076	1.05106	-116.9	-102  
691 	200   	-102.076	1.05106	-116.9	-102  
692 	200   	-102.076	1.05106	-116.9	-102  
693 	200   	-102.076	1.05106	-116.9	-102  
694 	200   	-102.076	1.05106	-116.9	-102  
695 	200   	-102.076	1.05106	-116.9	-102  
696 	200   	-102.076	1.05106	-116.9	-102  
697 	200   	-102.076	1.05106	-116.9	-102  
698 	200   	-102.076	1.05106	-116.9	-102  
699 	200   	-102.076	1.05106	-116.9	-102  
700 	200   	-102.076	1.05106	-116.9	-102  
701 	200   	-102.076	1.05106	-116.9	-102  
702 	200   	-102.076	1.05106	-116.9	-102  
703 	200   	-102.076	1.05106	-116.9	-102  
704 	200   	-102.076	1.05106	-116.9	-102  
705 	200   	-102.076	1.05106	-116.9	-102  
706 	200   	-102.076	1.05106	-116.9	-102  
707 	200   	-102.076	1.05106	-116.9	-102  
708 	200   	-102.076	1.05106	-116.9	-102  
709 	200   	-102.076	1.05106	-116.9	-102  
710 	200   	-102.076	1.05106	-116.9	-102  
711 	200   	-102.076	1.05106	-116.9	-102  
712 	200   	-102.076	1.05106	-116.9	-102  
713 	200   	-102.076	1.05106	-116.9	-102  
714 	200   	-102.076	1.05106	-116.9	-102  
715 	200   	-102.076	1.05106	-116.9	-102  
716 	200   	-102.076	1.05106	-116.9	-102  
717 	200   	-102.076	1.05106	-116.9	-102  
718 	200   	-102.076	1.05106	-116.9	-102  
719 	200   	-102.076	1.05106	-116.9	-102  
720 	200   	-102.076	1.05106	-116.9	-102  
721 	200   	-102.075	1.05095	-116.9	-102  
722 	200   	-102.075	1.05095	-116.9	-102  
723 	200   	-102.075	1.05095	-116.9	-102  
724 	200   	-102.075	1.05095	-116.9	-102  
725 	200   	-102.075	1.05095	-116.9	-102  
726 	200   	-102.075	1.05095	-116.9	-102  
727 	200   	-102.075	1.05095	-116.9	-102  
728 	200   	-102.075	1.05095	-116.9	-102  
729 	200   	-102.075	1.05095	-116.9	-102  
730 	200   	-102.075	1.05095	-116.9	-102  
731 	200   	-102.075	1.05095	-116.9	-102  
732 	200   	-102.075	1.05095	-116.9	-102  
733 	200   	-102.075	1.05095	-116.9	-102  
734 	200   	-102.075	1.05095	-116.9	-102  
735 	200   	-102.075	1.05095	-116.9	-102  
736 	200   	-102.075	1.05095	-116.9	-102  
737 	200   	-102.075	1.05095	-116.9	-102  
738 	200   	-102.075	1.05095	-116.9	-102  
739 	200   	-102.075	1.05095	-116.9	-102  
740 	200   	-102.075	1.05095	-116.9	-102  
741 	200   	-102.075	1.05095	-116.9	-102  
742 	200   	-102.075	1.05095	-116.9	-102  
743 	200   	-102.075	1.05095	-116.9	-102  
744 	200   	-102.075	1.05095	-116.9	-102  
745 	200   	-102.075	1.05095	-116.9	-102  
746 	200   	-102.075	1.05095	-116.9	-102  
747 	200   	-102.075	1.05095	-116.9	-102  
748 	200   	-102.075	1.05095	-116.9	-102  
749 	200   	-102.075	1.05095	-116.9	-102  
750 	200   	-102.075	1.05095	-116.9	-102  
751 	200   	-102.075	1.05095	-116.9	-102  
752 	200   	-102.075	1.05095	-116.9	-102  
753 	200   	-102.075	1.05095	-116.9	-102  
754 	200   	-102.075	1.05095	-116.9	-102  
755 	200   	-102.075	1.05095	-116.9	-102  
756 	200   	-102.075	1.05095	-116.9	-102  
757 	200   	-102.075	1.05095	-116.9	-102  
758 	200   	-102.075	1.05095	-116.9	-102  
759 	200   	-102.075	1.05095	-116.9	-102  
760 	200   	-102.075	1.05095	-116.9	-102  
761 	200   	-102.075	1.05095	-116.9	-102  
762 	200   	-102.075	1.05095	-116.9	-102  
763 	200   	-102.075	1.05095	-116.9	-102  
764 	200   	-102.075	1.05095	-116.9	-102  
765 	200   	-102.075	1.05095	-116.9	-102  
766 	200   	-102.075	1.05095	-116.9	-102  
767 	200   	-102.075	1.05095	-116.9	-102  
768 	200   	-102.075	1.05095	-116.9	-102  
769 	200   	-102.075	1.05095	-116.9	-102  
770 	200   	-102.075	1.05095	-116.9	-102  
771 	200   	-102.075	1.05095	-116.9	-102  
772 	200   	-102.075	1.05095	-116.9	-102  
773 	200   	-102.075	1.05095	-116.9	-102  
774 	200   	-102.075	1.05095	-116.9	-102  
775 	200   	-102.075	1.05095	-116.9	-102  
776 	200   	-102.075	1.05095	-116.9	-102  
777 	200   	-102.075	1.05095	-116.9	-102  
778 	200   	-102.075	1.05095	-116.9	-102  
779 	200   	-102.075	1.05095	-116.9	-102  
780 	200   	-102.075	1.05095	-116.9	-102  
781 	200   	-102.075	1.05095	-116.9	-102  
782 	200   	-102.075	1.05095	-116.9	-102  
783 	200   	-102.075	1.05095	-116.9	-102  
784 	200   	-102.075	1.05095	-116.9	-102  
785 	200   	-102.075	1.05095	-116.9	-102  
786 	200   	-102.075	1.05095	-116.9	-102  
787 	200   	-102.075	1.05095	-116.9	-102  
788 	200   	-102.075	1.05095	-116.9	-102  
789 	200   	-102.075	1.05095	-116.9	-102  
790 	200   	-102.075	1.05095	-116.9	-102  
791 	200   	-102.075	1.05095	-116.9	-102  
792 	200   	-102.075	1.05095	-116.9	-102  
793 	200   	-102.075	1.05095	-116.9	-102  
794 	200   	-102.075	1.05095	-116.9	-102  
795 	200   	-102.075	1.05095	-116.9	-102  
796 	200   	-102.075	1.05095	-116.9	-102  
797 	200   	-102.075	1.05095	-116.9	-102  
798 	200   	-102.075	1.05095	-116.9	-102  
799 	200   	-102.075	1.05095	-116.9	-102  
800 	200   	-102.075	1.05095	-116.9	-102  
801 	200   	-102.075	1.05095	-116.9	-102  
802 	200   	-102.075	1.05095	-116.9	-102  
803 	200   	-102.075	1.05095	-116.9	-102  
804 	200   	-102.075	1.05095	-116.9	-102  
805 	200   	-102.075	1.05095	-116.9	-102  
806 	200   	-102.075	1.05095	-116.9	-102  
807 	200   	-102.075	1.05095	-116.9	-102  
808 	200   	-102.075	1.05095	-116.9	-102  
809 	200   	-102.075	1.05095	-116.9	-102  
810 	200   	-102.075	1.05095	-116.9	-102  
811 	200   	-102.075	1.05095	-116.9	-102  
812 	200   	-102.075	1.05095	-116.9	-102  
813 	200   	-102.075	1.05095	-116.9	-102  
814 	200   	-102.075	1.05095	-116.9	-102  
815 	200   	-102.075	1.05095	-116.9	-102  
816 	200   	-102.075	1.05095	-116.9	-102  
817 	200   	-102.075	1.05095	-116.9	-102  
818 	200   	-102.075	1.05095	-116.9	-102  
819 	200   	-102.075	1.05095	-116.9	-102  
820 	200   	-102.075	1.05095	-116.9	-102  
821 	200   	-102.075	1.05095	-116.9	-102  
822 	200   	-102.075	1.05095	-116.9	-102  
823 	200   	-102.075	1.05095	-116.9	-102  
824 	200   	-102.075	1.05095	-116.9	-102  
825 	200   	-102.075	1.05095	-116.9	-102  
826 	200   	-102.075	1.05095	-116.9	-102  
827 	200   	-102.075	1.05095	-116.9	-102  
828 	200   	-102.075	1.05095	-116.9	-102  
829 	200   	-102.075	1.05095	-116.9	-102  
830 	200   	-102.075	1.05095	-116.9	-102  
831 	200   	-102.075	1.05095	-116.9	-102  
832 	200   	-102.075	1.05095	-116.9	-102  
833 	200   	-102.075	1.05095	-116.9	-102  
834 	200   	-102.075	1.05095	-116.9	-102  
835 	200   	-102.075	1.05095	-116.9	-102  
836 	200   	-102.075	1.05095	-116.9	-102  
837 	200   	-102.075	1.05095	-116.9	-102  
838 	200   	-102.075	1.05095	-116.9	-102  
839 	200   	-102.075	1.05095	-116.9	-102  
840 	200   	-102.075	1.05095	-116.9	-102  
841 	200   	-102.075	1.05095	-116.9	-102  
842 	200   	-102.075	1.05095	-116.9	-102  
843 	200   	-102.075	1.05095	-116.9	-102  
844 	200   	-102.075	1.05095	-116.9	-102  
845 	200   	-102.075	1.05095	-116.9	-102  
846 	200   	-102.075	1.05095	-116.9	-102  
847 	200   	-102.075	1.05095	-116.9	-102  
848 	200   	-102.075	1.05095	-116.9	-102  
849 	200   	-102.075	1.05095	-116.9	-102  
850 	200   	-102.075	1.05095	-116.9	-102  
851 	200   	-102.075	1.05095	-116.9	-102  
852 	200   	-102.075	1.05095	-116.9	-102  
853 	200   	-102.075	1.05095	-116.9	-102  
854 	200   	-102.075	1.05095	-116.9	-102  
855 	200   	-102.075	1.05095	-116.9	-102  
856 	200   	-102.075	1.05095	-116.9	-102  
857 	200   	-102.075	1.05095	-116.9	-102  
858 	200   	-102.075	1.05095	-116.9	-102  
859 	200   	-102.075	1.05095	-116.9	-102  
860 	200   	-102.075	1.05095	-116.9	-102  
861 	200   	-102.075	1.05095	-116.9	-102  
862 	200   	-102.075	1.05095	-116.9	-102  
863 	200   	-102.075	1.05095	-116.9	-102  
864 	200   	-102.075	1.05095	-116.9	-102  
865 	200   	-102.075	1.05095	-116.9	-102  
866 	200   	-102.075	1.05095	-116.9	-102  
867 	200   	-102.075	1.05095	-116.9	-102  
868 	200   	-102.075	1.05095	-116.9	-102  
869 	200   	-102.075	1.05095	-116.9	-102  
870 	200   	-102.075	1.05095	-116.9	-102  
871 	200   	-102.075	1.05095	-116.9	-102  
872 	200   	-102.075	1.05095	-116.9	-102  
873 	200   	-102.075	1.05095	-116.9	-102  
874 	200   	-102.075	1.05095	-116.9	-102  
875 	200   	-102.075	1.05095	-116.9	-102  
876 	200   	-102.075	1.05095	-116.9	-102  
877 	200   	-102.075	1.05095	-116.9	-102  
878 	200   	-102.075	1.05095	-116.9	-102  
879 	200   	-102.075	1.05095	-116.9	-102  
880 	200   	-102.075	1.05095	-116.9	-102  
881 	200   	-102.075	1.05095	-116.9	-102  
882 	200   	-102.075	1.05095	-116.9	-102  
883 	200   	-102.075	1.05095	-116.9	-102  
884 	200   	-102.075	1.05095	-116.9	-102  
885 	200   	-102.075	1.05095	-116.9	-102  
886 	200   	-102.075	1.05095	-116.9	-102  
887 	200   	-102.075	1.05095	-116.9	-102  
888 	200   	-102.075	1.05095	-116.9	-102  
889 	200   	-102.075	1.05095	-116.9	-102  
890 	200   	-102.075	1.05095	-116.9	-102  
891 	200   	-102.075	1.05095	-116.9	-102  
892 	200   	-102.075	1.05095	-116.9	-102  
893 	200   	-102.075	1.05095	-116.9	-102  
894 	200   	-102.075	1.05095	-116.9	-102  
895 	200   	-102.075	1.05095	-116.9	-102  
896 	200   	-102.075	1.05095	-116.9	-102  
897 	200   	-102.075	1.05095	-116.9	-102  
898 	200   	-102.075	1.05095	-116.9	-102  
899 	200   	-102.075	1.05095	-116.9	-102  
900 	200   	-102.075	1.05095	-116.9	-102  
901 	200   	-102.075	1.05095	-116.9	-102  
902 	200   	-102.075	1.05095	-116.9	-102  
903 	200   	-102.075	1.05095	-116.9	-102  
904 	200   	-102.075	1.05095	-116.9	-102  
905 	200   	-102.075	1.05095	-116.9	-102  
906 	200   	-102.075	1.05095	-116.9	-102  
907 	200   	-102.075	1.05095	-116.9	-102  
908 	200   	-102.075	1.05095	-116.9	-102  
909 	200   	-102.075	1.05095	-116.9	-102  
910 	200   	-102.075	1.05095	-116.9	-102  
911 	200   	-102.075	1.05095	-116.9	-102  
912 	200   	-102.075	1.05095	-116.9	-102  
913 	200   	-102.075	1.05095	-116.9	-102  
914 	200   	-102.075	1.05095	-116.9	-102  
915 	200   	-102.075	1.05095	-116.9	-102  
916 	200   	-102.075	1.05095	-116.9	-102  
917 	200   	-102.075	1.05095	-116.9	-102  
918 	200   	-102.075	1.05095	-116.9	-102  
919 	200   	-102.075	1.05095	-116.9	-102  
920 	200   	-102.075	1.05095	-116.9	-102  
921 	200   	-102.075	1.05095	-116.9	-102  
922 	200   	-102.075	1.05095	-116.9	-102  
923 	200   	-102.075	1.05095	-116.9	-102  
924 	200   	-102.075	1.05095	-116.9	-102  
925 	200   	-102.075	1.05095	-116.9	-102  
926 	200   	-102.075	1.05095	-116.9	-102  
927 	200   	-102.075	1.05095	-116.9	-102  
928 	200   	-102.075	1.05095	-116.9	-102  
929 	200   	-102.075	1.05095	-116.9	-102  
930 	200   	-102.075	1.05095	-116.9	-102  
931 	200   	-102.075	1.05095	-116.9	-102  
932 	200   	-102.075	1.05095	-116.9	-102  
933 	200   	-102.075	1.05095	-116.9	-102  
934 	200   	-102.075	1.05095	-116.9	-102  
935 	200   	-102.075	1.05095	-116.9	-102  
936 	200   	-102.075	1.05095	-116.9	-102  
937 	200   	-102.075	1.05095	-116.9	-102  
938 	200   	-102.075	1.05095	-116.9	-102  
939 	200   	-102.075	1.05095	-116.9	-102  
940 	200   	-102.075	1.05095	-116.9	-102  
941 	200   	-102.075	1.05095	-116.9	-102  
942 	200   	-102.075	1.05095	-116.9	-102  
943 	200   	-102.075	1.05095	-116.9	-102  
944 	200   	-102.075	1.05095	-116.9	-102  
945 	200   	-102.075	1.05095	-116.9	-102  
946 	200   	-102.075	1.05095	-116.9	-102  
947 	200   	-102.075	1.05095	-116.9	-102  
948 	200   	-102.075	1.05095	-116.9	-102  
949 	200   	-102.075	1.05095	-116.9	-102  
950 	200   	-102.075	1.05095	-116.9	-102  
951 	200   	-102.075	1.05095	-116.9	-102  
952 	200   	-102.075	1.05095	-116.9	-102  
953 	200   	-102.075	1.05095	-116.9	-102  
954 	200   	-102.075	1.05095	-116.9	-102  
955 	200   	-102.075	1.05095	-116.9	-102  
956 	200   	-102.075	1.05095	-116.9	-102  
957 	200   	-102.075	1.05095	-116.9	-102  
958 	200   	-102.075	1.05095	-116.9	-102  
959 	200   	-102.075	1.05095	-116.9	-102  
960 	200   	-102.075	1.05095	-116.9	-102  
961 	200   	-102.075	1.05095	-116.9	-102  
962 	200   	-102.075	1.05095	-116.9	-102  
963 	200   	-102.075	1.05095	-116.9	-102  
964 	200   	-102.075	1.05095	-116.9	-102  
965 	200   	-102.075	1.05095	-116.9	-102  
966 	200   	-102.075	1.05095	-116.9	-102  
967 	200   	-102.075	1.05095	-116.9	-102  
968 	200   	-102.075	1.05095	-116.9	-102  
969 	200   	-102.075	1.05095	-116.9	-102  
970 	200   	-102.075	1.05095	-116.9	-102  
971 	200   	-102.075	1.05095	-116.9	-102  
972 	200   	-102.075	1.05095	-116.9	-102  
973 	200   	-102.075	1.05095	-116.9	-102  
974 	200   	-102.075	1.05095	-116.9	-102  
975 	200   	-102.075	1.05095	-116.9	-102  
976 	200   	-102.075	1.05095	-116.9	-102  
977 	200   	-102.075	1.05095	-116.9	-102  
978 	200   	-102.075	1.05095	-116.9	-102  
979 	200   	-102.075	1.05095	-116.9	-102  
980 	200   	-102.075	1.05095	-116.9	-102  
981 	200   	-102.075	1.05095	-116.9	-102  
982 	200   	-102.075	1.05095	-116.9	-102  
983 	200   	-102.075	1.05095	-116.9	-102  
984 	200   	-102.075	1.05095	-116.9	-102  
985 	200   	-102.075	1.05095	-116.9	-102  
986 	200   	-102.075	1.05095	-116.9	-102  
987 	200   	-102.075	1.05095	-116.9	-102  
988 	200   	-102.075	1.05095	-116.9	-102  
989 	200   	-102.075	1.05095	-116.9	-102  
990 	200   	-102.075	1.05095	-116.9	-102  
991 	200   	-102.075	1.05095	-116.9	-102  
992 	200   	-102.075	1.05095	-116.9	-102  
993 	200   	-102.075	1.05095	-116.9	-102  
994 	200   	-102.075	1.05095	-116.9	-102  
995 	200   	-102.075	1.05095	-116.9	-102  
996 	200   	-102.075	1.05095	-116.9	-102  
997 	200   	-102.075	1.05095	-116.9	-102  
998 	200   	-102.075	1.05095	-116.9	-102  
999 	200   	-102.075	1.05095	-116.9	-102  
1000	200   	-102.075	1.05095	-116.9	-102  
1001	200   	-102.075	1.05095	-116.9	-102  
1002	200   	-102.075	1.05095	-116.9	-102  
1003	200   	-102.075	1.05095	-116.9	-102  
1004	200   	-102.075	1.05095	-116.9	-102  
1005	200   	-102.075	1.05095	-116.9	-102  
1006	200   	-102.075	1.05095	-116.9	-102  
1007	200   	-102.075	1.05095	-116.9	-102  
1008	200   	-102.075	1.05095	-116.9	-102  
1009	200   	-102.075	1.05095	-116.9	-102  
1010	200   	-102.075	1.05095	-116.9	-102  
1011	200   	-102.075	1.05095	-116.9	-102  
1012	200   	-102.075	1.05095	-116.9	-102  
1013	200   	-102.075	1.05095	-116.9	-102  
1014	200   	-102.075	1.05095	-116.9	-102  
1015	200   	-102.075	1.05095	-116.9	-102  
1016	200   	-102.075	1.05095	-116.9	-102  
1017	200   	-102.075	1.05095	-116.9	-102  
1018	200   	-102.075	1.05095	-116.9	-102  
1019	200   	-102.075	1.05095	-116.9	-102  
1020	200   	-102.075	1.05095	-116.9	-102  
1021	200   	-102.075	1.05095	-116.9	-102  
1022	200   	-102.075	1.05095	-116.9	-102  
1023	200   	-102.075	1.05095	-116.9	-102  
1024	200   	-102.075	1.05095	-116.9	-102  
1025	200   	-102.075	1.05095	-116.9	-102  
1026	200   	-102.075	1.05095	-116.9	-102  
1027	200   	-102.075	1.05095	-116.9	-102  
1028	200   	-102.075	1.05095	-116.9	-102  
1029	200   	-102.075	1.05095	-116.9	-102  
1030	200   	-102.075	1.05095	-116.9	-102  
1031	200   	-102.075	1.05095	-116.9	-102  
1032	200   	-102.075	1.05095	-116.9	-102  
1033	200   	-102.075	1.05095	-116.9	-102  
1034	200   	-102.075	1.05095	-116.9	-102  
1035	200   	-102.075	1.05095	-116.9	-102  
1036	200   	-102.075	1.05095	-116.9	-102  
1037	200   	-102.075	1.05095	-116.9	-102  
1038	200   	-102.075	1.05095	-116.9	-102  
1039	200   	-102.075	1.05095	-116.9	-102  
1040	200   	-102.075	1.05095	-116.9	-102  
1041	200   	-102.075	1.05095	-116.9	-102  
1042	200   	-102.075	1.05095	-116.9	-102  
1043	200   	-102.075	1.05095	-116.9	-102  
1044	200   	-102.075	1.05095	-116.9	-102  
1045	200   	-102.075	1.05095	-116.9	-102  
1046	200   	-102.075	1.05095	-116.9	-102  
1047	200   	-102.075	1.05095	-116.9	-102  
1048	200   	-102.075	1.05095	-116.9	-102  
1049	200   	-102.075	1.05095	-116.9	-102  
1050	200   	-102.075	1.05095	-116.9	-102  
1051	200   	-102.075	1.05095	-116.9	-102  
1052	200   	-102.075	1.05095	-116.9	-102  
1053	200   	-102.075	1.05095	-116.9	-102  
1054	200   	-102.075	1.05095	-116.9	-102  
1055	200   	-102.075	1.05095	-116.9	-102  
1056	200   	-102.075	1.05095	-116.9	-102  
1057	200   	-102.075	1.05095	-116.9	-102  
1058	200   	-102.075	1.05095	-116.9	-102  
1059	200   	-102.075	1.05095	-116.9	-102  
1060	200   	-102.075	1.05095	-116.9	-102  
1061	200   	-102.075	1.05095	-116.9	-102  
1062	200   	-102.075	1.05095	-116.9	-102  
1063	200   	-102.075	1.05095	-116.9	-102  
1064	200   	-102.075	1.05095	-116.9	-102  
1065	200   	-102.075	1.05095	-116.9	-102  
1066	200   	-102.075	1.05095	-116.9	-102  
1067	200   	-102.075	1.05095	-116.9	-102  
1068	200   	-102.075	1.05095	-116.9	-102  
1069	200   	-102.075	1.05095	-116.9	-102  
1070	200   	-102.075	1.05095	-116.9	-102  
1071	200   	-102.075	1.05095	-116.9	-102  
1072	200   	-102.075	1.05095	-116.9	-102  
1073	200   	-102.075	1.05095	-116.9	-102  
1074	200   	-102.075	1.05095	-116.9	-102  
1075	200   	-102.075	1.05095	-116.9	-102  
1076	200   	-102.075	1.05095	-116.9	-102  
1077	200   	-102.075	1.05095	-116.9	-102  
1078	200   	-102.075	1.05095	-116.9	-102  
1079	200   	-102.075	1.05095	-116.9	-102  
1080	200   	-102.075	1.05095	-116.9	-102  
1081	200   	-102.075	1.05095	-116.9	-102  
1082	200   	-102.075	1.05095	-116.9	-102  
1083	200   	-102.075	1.05095	-116.9	-102  
1084	200   	-102.075	1.05095	-116.9	-102  
1085	200   	-102.075	1.05095	-116.9	-102  
1086	200   	-102.075	1.05095	-116.9	-102  
1087	200   	-102.075	1.05095	-116.9	-102  
1088	200   	-102.075	1.05095	-116.9	-102  
1089	200   	-102.075	1.05095	-116.9	-102  
1090	200   	-102.075	1.05095	-116.9	-102  
1091	200   	-102.075	1.05095	-116.9	-102  
1092	200   	-102.075	1.05095	-116.9	-102  
1093	200   	-102.075	1.05095	-116.9	-102  
1094	200   	-102.075	1.05095	-116.9	-102  
1095	200   	-102.075	1.05095	-116.9	-102  
1096	200   	-102.075	1.05095	-116.9	-102  
1097	200   	-102.075	1.05095	-116.9	-102  
1098	200   	-102.075	1.05095	-116.9	-102  
1099	200   	-102.075	1.05095	-116.9	-102  
1100	200   	-102.075	1.05095	-116.9	-102  
1101	200   	-102.075	1.05095	-116.9	-102  
1102	200   	-102.075	1.05095	-116.9	-102  
1103	200   	-102.075	1.05095	-116.9	-102  
1104	200   	-102.075	1.05095	-116.9	-102  
1105	200   	-102.075	1.05095	-116.9	-102  
1106	200   	-102.075	1.05095	-116.9	-102  
1107	200   	-102.075	1.05095	-116.9	-102  
1108	200   	-102.075	1.05095	-116.9	-102  
1109	200   	-102.075	1.05095	-116.9	-102  
1110	200   	-102.075	1.05095	-116.9	-102  
1111	200   	-102.075	1.05095	-116.9	-102  
1112	200   	-102.075	1.05095	-116.9	-102  
1113	200   	-102.075	1.05095	-116.9	-102  
1114	200   	-102.075	1.05095	-116.9	-102  
1115	200   	-102.075	1.05095	-116.9	-102  
1116	200   	-102.075	1.05095	-116.9	-102  
1117	200   	-102.075	1.05095	-116.9	-102  
1118	200   	-102.075	1.05095	-116.9	-102  
1119	200   	-102.075	1.05095	-116.9	-102  
1120	200   	-102.075	1.05095	-116.9	-102  
1121	200   	-102.075	1.05095	-116.9	-102  
1122	200   	-102.075	1.05095	-116.9	-102  
1123	200   	-102.075	1.05095	-116.9	-102  
1124	200   	-102.075	1.05095	-116.9	-102  
1125	200   	-102.075	1.05095	-116.9	-102  
1126	200   	-102.075	1.05095	-116.9	-102  
1127	200   	-102.075	1.05095	-116.9	-102  
1128	200   	-102.075	1.05095	-116.9	-102  
1129	200   	-102.075	1.05095	-116.9	-102  
1130	200   	-102.075	1.05095	-116.9	-102  
1131	200   	-102.075	1.05095	-116.9	-102  
1132	200   	-102.075	1.05095	-116.9	-102  
1133	200   	-102.075	1.05095	-116.9	-102  
1134	200   	-102.075	1.05095	-116.9	-102  
1135	200   	-102.075	1.05095	-116.9	-102  
1136	200   	-102.075	1.05095	-116.9	-102  
1137	200   	-102.075	1.05095	-116.9	-102  
1138	200   	-102.075	1.05095	-116.9	-102  
1139	200   	-102.075	1.05095	-116.9	-102  
1140	200   	-102.075	1.05095	-116.9	-102  
1141	200   	-102.075	1.05095	-116.9	-102  
1142	200   	-102.075	1.05095	-116.9	-102  
1143	200   	-102.075	1.05095	-116.9	-102  
1144	200   	-102.075	1.05095	-116.9	-102  
1145	200   	-102.075	1.05095	-116.9	-102  
1146	200   	-102.075	1.05095	-116.9	-102  
1147	200   	-102.075	1.05095	-116.9	-102  
1148	200   	-102.075	1.05095	-116.9	-102  
1149	200   	-102.075	1.05095	-116.9	-102  
1150	200   	-102.075	1.05095	-116.9	-102  
1151	200   	-102.075	1.05095	-116.9	-102  
1152	200   	-102.075	1.05095	-116.9	-102  
1153	200   	-102.075	1.05095	-116.9	-102  
1154	200   	-102.075	1.05095	-116.9	-102  
1155	200   	-102.075	1.05095	-116.9	-102  
1156	200   	-102.075	1.05095	-116.9	-102  
1157	200   	-102.075	1.05095	-116.9	-102  
1158	200   	-102.075	1.05095	-116.9	-102  
1159	200   	-102.075	1.05095	-116.9	-102  
1160	200   	-102.075	1.05095	-116.9	-102  
1161	200   	-102.075	1.05095	-116.9	-102  
1162	200   	-102.075	1.05095	-116.9	-102  
1163	200   	-102.075	1.05095	-116.9	-102  
1164	200   	-102.075	1.05095	-116.9	-102  
1165	200   	-102.075	1.05095	-116.9	-102  
1166	200   	-102.075	1.05095	-116.9	-102  
1167	200   	-102.075	1.05095	-116.9	-102  
1168	200   	-102.075	1.05095	-116.9	-102  
1169	200   	-102.075	1.05095	-116.9	-102  
1170	200   	-102.075	1.05095	-116.9	-102  
1171	200   	-102.075	1.05095	-116.9	-102  
1172	200   	-102.075	1.05095	-116.9	-102  
1173	200   	-102.075	1.05095	-116.9	-102  
1174	200   	-102.075	1.05095	-116.9	-102  
1175	200   	-102.075	1.05095	-116.9	-102  
1176	200   	-102.075	1.05095	-116.9	-102  
1177	200   	-102.075	1.05095	-116.9	-102  
1178	200   	-102.075	1.05095	-116.9	-102  
1179	200   	-102.075	1.05095	-116.9	-102  
1180	200   	-102.075	1.05095	-116.9	-102  
1181	200   	-102.075	1.05095	-116.9	-102  
1182	200   	-102.075	1.05095	-116.9	-102  
1183	200   	-102.075	1.05095	-116.9	-102  
1184	200   	-102.075	1.05095	-116.9	-102  
1185	200   	-102.075	1.05095	-116.9	-102  
1186	200   	-102.075	1.05095	-116.9	-102  
1187	200   	-102.075	1.05095	-116.9	-102  
1188	200   	-102.075	1.05095	-116.9	-102  
1189	200   	-102.075	1.05095	-116.9	-102  
1190	200   	-102.075	1.05095	-116.9	-102  
1191	200   	-102.075	1.05095	-116.9	-102  
1192	200   	-102.075	1.05095	-116.9	-102  
1193	200   	-102.075	1.05095	-116.9	-102  
1194	200   	-102.075	1.05095	-116.9	-102  
1195	200   	-102.075	1.05095	-116.9	-102  
1196	200   	-102.075	1.05095	-116.9	-102  
1197	200   	-102.075	1.05095	-116.9	-102  
1198	200   	-102.075	1.05095	-116.9	-102  
1199	200   	-102.075	1.05095	-116.9	-102  
1200	200   	-102.075	1.05095	-116.9	-102  
1201	200   	-102.075	1.05095	-116.9	-102  
1202	200   	-102.075	1.05095	-116.9	-102  
1203	200   	-102.075	1.05095	-116.9	-102  
1204	200   	-102.075	1.05095	-116.9	-102  
1205	200   	-102.075	1.05095	-116.9	-102  
1206	200   	-102.075	1.05095	-116.9	-102  
1207	200   	-102.075	1.05095	-116.9	-102  
1208	200   	-102.075	1.05095	-116.9	-102  
1209	200   	-102.075	1.05095	-116.9	-102  
1210	200   	-102.075	1.05095	-116.9	-102  
1211	200   	-102.075	1.05095	-116.9	-102  
1212	200   	-102.075	1.05095	-116.9	-102  
1213	200   	-102.075	1.05095	-116.9	-102  
1214	200   	-102.075	1.05095	-116.9	-102  
1215	200   	-102.075	1.05095	-116.9	-102  
1216	200   	-102.075	1.05095	-116.9	-102  
1217	200   	-102.075	1.05095	-116.9	-102  
1218	200   	-102.075	1.05095	-116.9	-102  
1219	200   	-102.075	1.05095	-116.9	-102  
1220	200   	-102.075	1.05095	-116.9	-102  
1221	200   	-102.075	1.05095	-116.9	-102  
1222	200   	-102.075	1.05095	-116.9	-102  
1223	200   	-102.075	1.05095	-116.9	-102  
1224	200   	-102.075	1.05095	-116.9	-102  
1225	200   	-102.075	1.05095	-116.9	-102  
1226	200   	-102.075	1.05095	-116.9	-102  
1227	200   	-102.075	1.05095	-116.9	-102  
1228	200   	-102.075	1.05095	-116.9	-102  
1229	200   	-102.075	1.05095	-116.9	-102  
1230	200   	-102.075	1.05095	-116.9	-102  
1231	200   	-102.075	1.05095	-116.9	-102  
1232	200   	-102.075	1.05095	-116.9	-102  
1233	200   	-102.075	1.05095	-116.9	-102  
1234	200   	-102.075	1.05095	-116.9	-102  
1235	200   	-102.075	1.05095	-116.9	-102  
1236	200   	-102.075	1.05095	-116.9	-102  
1237	200   	-102.075	1.05095	-116.9	-102  
1238	200   	-102.075	1.05095	-116.9	-102  
1239	200   	-102.075	1.05095	-116.9	-102  
1240	200   	-102.075	1.05095	-116.9	-102  
1241	200   	-102.075	1.05095	-116.9	-102  
1242	200   	-102.075	1.05095	-116.9	-102  
1243	200   	-102.075	1.05095	-116.9	-102  
1244	200   	-102.075	1.05095	-116.9	-102  
1245	200   	-102.075	1.05095	-116.9	-102  
1246	200   	-102.075	1.05095	-116.9	-102  
1247	200   	-102.075	1.05095	-116.9	-102  
1248	200   	-102.075	1.05095	-116.9	-102  
1249	200   	-102.075	1.05095	-116.9	-102  
1250	200   	-102.075	1.05095	-116.9	-102  
1251	200   	-102.075	1.05095	-116.9	-102  
1252	200   	-102.075	1.05095	-116.9	-102  
1253	200   	-102.075	1.05095	-116.9	-102  
1254	200   	-102.075	1.05095	-116.9	-102  
1255	200   	-102.075	1.05095	-116.9	-102  
1256	200   	-102.075	1.05095	-116.9	-102  
1257	200   	-102.075	1.05095	-116.9	-102  
1258	200   	-102.075	1.05095	-116.9	-102  
1259	200   	-102.075	1.05095	-116.9	-102  
1260	200   	-102.075	1.05095	-116.9	-102  
1261	200   	-102.075	1.05095	-116.9	-102  
1262	200   	-102.075	1.05095	-116.9	-102  
1263	200   	-102.075	1.05095	-116.9	-102  
1264	200   	-102.075	1.05095	-116.9	-102  
1265	200   	-102.075	1.05095	-116.9	-102  
1266	200   	-102.075	1.05095	-116.9	-102  
1267	200   	-102.075	1.05095	-116.9	-102  
1268	200   	-102.075	1.05095	-116.9	-102  
1269	200   	-102.075	1.05095	-116.9	-102  
1270	200   	-102.075	1.05095	-116.9	-102  
1271	200   	-102.075	1.05095	-116.9	-102  
1272	200   	-102.075	1.05095	-116.9	-102  
1273	200   	-102.075	1.05095	-116.9	-102  
1274	200   	-102.075	1.05095	-116.9	-102  
1275	200   	-102.075	1.05095	-116.9	-102  
1276	200   	-102.075	1.05095	-116.9	-102  
1277	200   	-102.075	1.05095	-116.9	-102  
1278	200   	-102.075	1.05095	-116.9	-102  
1279	200   	-102.075	1.05095	-116.9	-102  
1280	200   	-102.075	1.05095	-116.9	-102  
1281	200   	-102.075	1.05095	-116.9	-102  
1282	200   	-102.075	1.05095	-116.9	-102  
1283	200   	-102.075	1.05095	-116.9	-102  
1284	200   	-102.075	1.05095	-116.9	-102  
1285	200   	-102.075	1.05095	-116.9	-102  
1286	200   	-102.075	1.05095	-116.9	-102  
1287	200   	-102.075	1.05095	-116.9	-102  
1288	200   	-102.075	1.05095	-116.9	-102  
1289	200   	-102.075	1.05095	-116.9	-102  
1290	200   	-102.075	1.05095	-116.9	-102  
1291	200   	-102.075	1.05095	-116.9	-102  
1292	200   	-102.075	1.05095	-116.9	-102  
1293	200   	-102.075	1.05095	-116.9	-102  
1294	200   	-102.075	1.05095	-116.9	-102  
1295	200   	-102.075	1.05095	-116.9	-102  
1296	200   	-102.075	1.05095	-116.9	-102  
1297	200   	-102.075	1.05095	-116.9	-102  
1298	200   	-102.075	1.05095	-116.9	-102  
1299	200   	-102.075	1.05095	-116.9	-102  
1300	200   	-102.075	1.05095	-116.9	-102  
1301	200   	-102.075	1.05095	-116.9	-102  
1302	200   	-102.075	1.05095	-116.9	-102  
1303	200   	-102.075	1.05095	-116.9	-102  
1304	200   	-102.075	1.05095	-116.9	-102  
1305	200   	-102.075	1.05095	-116.9	-102  
1306	200   	-102.075	1.05095	-116.9	-102  
1307	200   	-102.075	1.05095	-116.9	-102  
1308	200   	-102.075	1.05095	-116.9	-102  
1309	200   	-102.075	1.05095	-116.9	-102  
1310	200   	-102.075	1.05095	-116.9	-102  
1311	200   	-102.075	1.05095	-116.9	-102  
1312	200   	-102.075	1.05095	-116.9	-102  
1313	200   	-102.075	1.05095	-116.9	-102  
1314	200   	-102.075	1.05095	-116.9	-102  
1315	200   	-102.075	1.05095	-116.9	-102  
1316	200   	-102.075	1.05095	-116.9	-102  
1317	200   	-102.075	1.05095	-116.9	-102  
1318	200   	-102.075	1.05095	-116.9	-102  
1319	200   	-102.075	1.05095	-116.9	-102  
1320	200   	-102.075	1.05095	-116.9	-102  
1321	200   	-102.075	1.05095	-116.9	-102  
1322	200   	-102.075	1.05095	-116.9	-102  
1323	200   	-102.075	1.05095	-116.9	-102  
1324	200   	-102.075	1.05095	-116.9	-102  
1325	200   	-102.075	1.05095	-116.9	-102  
1326	200   	-102.075	1.05095	-116.9	-102  
1327	200   	-102.075	1.05095	-116.9	-102  
1328	200   	-102.075	1.05095	-116.9	-102  
1329	200   	-102.075	1.05095	-116.9	-102  
1330	200   	-102.075	1.05095	-116.9	-102  
1331	200   	-102.075	1.05095	-116.9	-102  
1332	200   	-102.075	1.05095	-116.9	-102  
1333	200   	-102.075	1.05095	-116.9	-102  
1334	200   	-102.075	1.05095	-116.9	-102  
1335	200   	-102.075	1.05095	-116.9	-102  
1336	200   	-102.075	1.05095	-116.9	-102  
1337	200   	-102.075	1.05095	-116.9	-102  
1338	200   	-102.075	1.05095	-116.9	-102  
1339	200   	-102.075	1.05095	-116.9	-102  
1340	200   	-102.075	1.05095	-116.9	-102  
1341	200   	-102.075	1.05095	-116.9	-102  
1342	200   	-102.075	1.05095	-116.9	-102  
1343	200   	-102.075	1.05095	-116.9	-102  
1344	200   	-102.075	1.05095	-116.9	-102  
1345	200   	-102.075	1.05095	-116.9	-102  
1346	200   	-102.075	1.05095	-116.9	-102  
1347	200   	-102.075	1.05095	-116.9	-102  
1348	200   	-102.075	1.05095	-116.9	-102  
1349	200   	-102.075	1.05095	-116.9	-102  
1350	200   	-102.075	1.05095	-116.9	-102  
1351	200   	-102.075	1.05095	-116.9	-102  
1352	200   	-102.075	1.05095	-116.9	-102  
1353	200   	-102.075	1.05095	-116.9	-102  
1354	200   	-102.075	1.05095	-116.9	-102  
1355	200   	-102.075	1.05095	-116.9	-102  
1356	200   	-102.075	1.05095	-116.9	-102  
1357	200   	-102.075	1.05095	-116.9	-102  
1358	200   	-102.075	1.05095	-116.9	-102  
1359	200   	-102.075	1.05095	-116.9	-102  
1360	200   	-102.075	1.05095	-116.9	-102  
1361	200   	-102.075	1.05095	-116.9	-102  
1362	200   	-102.075	1.05095	-116.9	-102  
1363	200   	-102.075	1.05095	-116.9	-102  
1364	200   	-102.075	1.05095	-116.9	-102  
1365	200   	-102.075	1.05095	-116.9	-102  
1366	200   	-102.075	1.05095	-116.9	-102  
1367	200   	-102.075	1.05095	-116.9	-102  
1368	200   	-102.075	1.05095	-116.9	-102  
1369	200   	-102.075	1.05095	-116.9	-102  
1370	200   	-102.075	1.05095	-116.9	-102  
1371	200   	-102.075	1.05095	-116.9	-102  
1372	200   	-102.075	1.05095	-116.9	-102  
1373	200   	-102.075	1.05095	-116.9	-102  
1374	200   	-102.075	1.05095	-116.9	-102  
1375	200   	-102.075	1.05095	-116.9	-102  
1376	200   	-102.075	1.05095	-116.9	-102  
1377	200   	-102.075	1.05095	-116.9	-102  
1378	200   	-102.075	1.05095	-116.9	-102  
1379	200   	-102.075	1.05095	-116.9	-102  
1380	200   	-102.075	1.05095	-116.9	-102  
1381	200   	-102.075	1.05095	-116.9	-102  
1382	200   	-102.075	1.05095	-116.9	-102  
1383	200   	-102.075	1.05095	-116.9	-102  
1384	200   	-102.075	1.05095	-116.9	-102  
1385	200   	-102.075	1.05095	-116.9	-102  
1386	200   	-102.075	1.05095	-116.9	-102  
1387	200   	-102.075	1.05095	-116.9	-102  
1388	200   	-102.075	1.05095	-116.9	-102  
1389	200   	-102.075	1.05095	-116.9	-102  
1390	200   	-102.075	1.05095	-116.9	-102  
1391	200   	-102.075	1.05095	-116.9	-102  
1392	200   	-102.075	1.05095	-116.9	-102  
1393	200   	-102.075	1.05095	-116.9	-102  
1394	200   	-102.075	1.05095	-116.9	-102  
1395	200   	-102.075	1.05095	-116.9	-102  
1396	200   	-102.075	1.05095	-116.9	-102  
1397	200   	-102.075	1.05095	-116.9	-102  
1398	200   	-102.075	1.05095	-116.9	-102  
1399	200   	-102.075	1.05095	-116.9	-102  
1400	200   	-102.075	1.05095	-116.9	-102  
1401	200   	-102.075	1.05095	-116.9	-102  
1402	200   	-102.075	1.05095	-116.9	-102  
1403	200   	-102.075	1.05095	-116.9	-102  
1404	200   	-102.075	1.05095	-116.9	-102  
1405	200   	-102.075	1.05095	-116.9	-102  
1406	200   	-102.075	1.05095	-116.9	-102  
1407	200   	-102.075	1.05095	-116.9	-102  
1408	200   	-102.075	1.05095	-116.9	-102  
1409	200   	-102.075	1.05095	-116.9	-102  
1410	200   	-102.075	1.05095	-116.9	-102  
1411	200   	-102.075	1.05095	-116.9	-102  
1412	200   	-102.075	1.05095	-116.9	-102  
1413	200   	-102.075	1.05095	-116.9	-102  
1414	200   	-102.075	1.05095	-116.9	-102  
1415	200   	-102.075	1.05095	-116.9	-102  
1416	200   	-102.075	1.05095	-116.9	-102  
1417	200   	-102.075	1.05095	-116.9	-102  
1418	200   	-102.075	1.05095	-116.9	-102  
1419	200   	-102.075	1.05095	-116.9	-102  
1420	200   	-102.075	1.05095	-116.9	-102  
1421	200   	-102.075	1.05095	-116.9	-102  
1422	200   	-102.075	1.05095	-116.9	-102  
1423	200   	-102.075	1.05095	-116.9	-102  
1424	200   	-102.075	1.05095	-116.9	-102  
1425	200   	-102.075	1.05095	-116.9	-102  
1426	200   	-102.075	1.05095	-116.9	-102  
1427	200   	-102.075	1.05095	-116.9	-102  
1428	200   	-102.075	1.05095	-116.9	-102  
1429	200   	-102.075	1.05095	-116.9	-102  
1430	200   	-102.075	1.05095	-116.9	-102  
1431	200   	-102.075	1.05095	-116.9	-102  
1432	200   	-102.075	1.05095	-116.9	-102  
1433	200   	-102.075	1.05095	-116.9	-102  
1434	200   	-102.075	1.05095	-116.9	-102  
1435	200   	-102.075	1.05095	-116.9	-102  
1436	200   	-102.075	1.05095	-116.9	-102  
1437	200   	-102.075	1.05095	-116.9	-102  
1438	200   	-102.075	1.05095	-116.9	-102  
1439	200   	-102.075	1.05095	-116.9	-102  
1440	200   	-102.075	1.05095	-116.9	-102  
1441	200   	-102.075	1.05095	-116.9	-102  
1442	200   	-102.075	1.05095	-116.9	-102  
1443	200   	-102.075	1.05095	-116.9	-102  
1444	200   	-102.075	1.05095	-116.9	-102  
1445	200   	-102.075	1.05095	-116.9	-102  
1446	200   	-102.075	1.05095	-116.9	-102  
1447	200   	-102.075	1.05095	-116.9	-102  
1448	200   	-102.075	1.05095	-116.9	-102  
1449	200   	-102.075	1.05095	-116.9	-102  
1450	200   	-102.075	1.05095	-116.9	-102  
1451	200   	-102.075	1.05095	-116.9	-102  
1452	200   	-102.075	1.05095	-116.9	-102  
1453	200   	-102.075	1.05095	-116.9	-102  
1454	200   	-102.075	1.05095	-116.9	-102  
1455	200   	-102.075	1.05095	-116.9	-102  
1456	200   	-102.075	1.05095	-116.9	-102  
1457	200   	-102.075	1.05095	-116.9	-102  
1458	200   	-102.075	1.05095	-116.9	-102  
1459	200   	-102.075	1.05095	-116.9	-102  
1460	200   	-102.075	1.05095	-116.9	-102  
1461	200   	-102.075	1.05095	-116.9	-102  
1462	200   	-102.075	1.05095	-116.9	-102  
1463	200   	-102.075	1.05095	-116.9	-102  
1464	200   	-102.075	1.05095	-116.9	-102  
1465	200   	-102.075	1.05095	-116.9	-102  
1466	200   	-102.075	1.05095	-116.9	-102  
1467	200   	-102.075	1.05095	-116.9	-102  
1468	200   	-102.075	1.05095	-116.9	-102  
1469	200   	-102.075	1.05095	-116.9	-102  
1470	200   	-102.075	1.05095	-116.9	-102  
1471	200   	-102.075	1.05095	-116.9	-102  
1472	200   	-102.075	1.05095	-116.9	-102  
1473	200   	-102.075	1.05095	-116.9	-102  
1474	200   	-102.075	1.05095	-116.9	-102  
1475	200   	-102.075	1.05095	-116.9	-102  
1476	200   	-102.075	1.05095	-116.9	-102  
1477	200   	-102.075	1.05095	-116.9	-102  
1478	200   	-102.075	1.05095	-116.9	-102  
1479	200   	-102.075	1.05095	-116.9	-102  
1480	200   	-102.075	1.05095	-116.9	-102  
1481	200   	-102.075	1.05095	-116.9	-102  
1482	200   	-102.075	1.05095	-116.9	-102  
1483	200   	-102.075	1.05095	-116.9	-102  
1484	200   	-102.075	1.05095	-116.9	-102  
1485	200   	-102.075	1.05095	-116.9	-102  
1486	200   	-102.075	1.05095	-116.9	-102  
1487	200   	-102.075	1.05095	-116.9	-102  
1488	200   	-102.075	1.05095	-116.9	-102  
1489	200   	-102.075	1.05095	-116.9	-102  
1490	200   	-102.075	1.05095	-116.9	-102  
1491	200   	-102.075	1.05095	-116.9	-102  
1492	200   	-102.075	1.05095	-116.9	-102  
1493	200   	-102.075	1.05095	-116.9	-102  
1494	200   	-102.075	1.05095	-116.9	-102  
1495	200   	-102.075	1.05095	-116.9	-102  
1496	200   	-102.075	1.05095	-116.9	-102  
1497	200   	-102.075	1.05095	-116.9	-102  
1498	200   	-102.075	1.05095	-116.9	-102  
1499	200   	-102.075	1.05095	-116.9	-102  
1500	200   	-102.075	1.05095	-116.9	-102  
1501	200   	-102.075	1.05095	-116.9	-102  
1502	200   	-102.075	1.05095	-116.9	-102  
1503	200   	-102.075	1.05095	-116.9	-102  
1504	200   	-102.075	1.05095	-116.9	-102  
1505	200   	-102.075	1.05095	-116.9	-102  
1506	200   	-102.075	1.05095	-116.9	-102  
1507	200   	-102.075	1.05095	-116.9	-102  
1508	200   	-102.075	1.05095	-116.9	-102  
1509	200   	-102.075	1.05095	-116.9	-102  
1510	200   	-102.075	1.05095	-116.9	-102  
1511	200   	-102.075	1.05095	-116.9	-102  
1512	200   	-102.075	1.05095	-116.9	-102  
1513	200   	-102.075	1.05095	-116.9	-102  
1514	200   	-102.075	1.05095	-116.9	-102  
1515	200   	-102.075	1.05095	-116.9	-102  
1516	200   	-102.075	1.05095	-116.9	-102  
1517	200   	-102.075	1.05095	-116.9	-102  
1518	200   	-102.075	1.05095	-116.9	-102  
1519	200   	-102.075	1.05095	-116.9	-102  
1520	200   	-102.075	1.05095	-116.9	-102  
1521	200   	-102.075	1.05095	-116.9	-102  
1522	200   	-102.075	1.05095	-116.9	-102  
1523	200   	-102.075	1.05095	-116.9	-102  
1524	200   	-102.075	1.05095	-116.9	-102  
1525	200   	-102.075	1.05095	-116.9	-102  
1526	200   	-102.075	1.05095	-116.9	-102  
1527	200   	-102.075	1.05095	-116.9	-102  
1528	200   	-102.075	1.05095	-116.9	-102  
1529	200   	-102.075	1.05095	-116.9	-102  
1530	200   	-102.075	1.05095	-116.9	-102  
1531	200   	-102.075	1.05095	-116.9	-102  
1532	200   	-102.075	1.05095	-116.9	-102  
1533	200   	-102.075	1.05095	-116.9	-102  
1534	200   	-102.075	1.05095	-116.9	-102  
1535	200   	-102.075	1.05095	-116.9	-102  
1536	200   	-102.075	1.05095	-116.9	-102  
1537	200   	-102.075	1.05095	-116.9	-102  
1538	200   	-102.075	1.05095	-116.9	-102  
1539	200   	-102.075	1.05095	-116.9	-102  
1540	200   	-102.075	1.05095	-116.9	-102  
1541	200   	-102.075	1.05095	-116.9	-102  
1542	200   	-102.075	1.05095	-116.9	-102  
1543	200   	-102.075	1.05095	-116.9	-102  
1544	200   	-102.075	1.05095	-116.9	-102  
1545	200   	-102.075	1.05095	-116.9	-102  
1546	200   	-102.075	1.05095	-116.9	-102  
1547	200   	-102.075	1.05095	-116.9	-102  
1548	200   	-102.075	1.05095	-116.9	-102  
1549	200   	-102.075	1.05095	-116.9	-102  
1550	200   	-102.075	1.05095	-116.9	-102  
1551	200   	-102.075	1.05095	-116.9	-102  
1552	200   	-102.075	1.05095	-116.9	-102  
1553	200   	-102.075	1.05095	-116.9	-102  
1554	200   	-102.075	1.05095	-116.9	-102  
1555	200   	-102.075	1.05095	-116.9	-102  
1556	200   	-102.075	1.05095	-116.9	-102  
1557	200   	-102.075	1.05095	-116.9	-102  
1558	200   	-102.075	1.05095	-116.9	-102  
1559	200   	-102.075	1.05095	-116.9	-102  
1560	200   	-102.075	1.05095	-116.9	-102  
1561	200   	-102.075	1.05095	-116.9	-102  
1562	200   	-102.075	1.05095	-116.9	-102  
1563	200   	-102.075	1.05095	-116.9	-102  
1564	200   	-102.075	1.05095	-116.9	-102  
1565	200   	-102.075	1.05095	-116.9	-102  
1566	200   	-102.075	1.05095	-116.9	-102  
1567	200   	-102.075	1.05095	-116.9	-102  
1568	200   	-102.075	1.05095	-116.9	-102  
1569	200   	-102.075	1.05095	-116.9	-102  
1570	200   	-102.075	1.05095	-116.9	-102  
1571	200   	-102.075	1.05095	-116.9	-102  
1572	200   	-102.075	1.05095	-116.9	-102  
1573	200   	-102.075	1.05095	-116.9	-102  
1574	200   	-102.075	1.05095	-116.9	-102  
1575	200   	-102.075	1.05095	-116.9	-102  
1576	200   	-102.075	1.05095	-116.9	-102  
1577	200   	-102.075	1.05095	-116.9	-102  
1578	200   	-102.075	1.05095	-116.9	-102  
1579	200   	-102.075	1.05095	-116.9	-102  
1580	200   	-102.075	1.05095	-116.9	-102  
1581	200   	-102.075	1.05095	-116.9	-102  
1582	200   	-102.075	1.05095	-116.9	-102  
1583	200   	-102.075	1.05095	-116.9	-102  
1584	200   	-102.075	1.05095	-116.9	-102  
1585	200   	-102.075	1.05095	-116.9	-102  
1586	200   	-102.075	1.05095	-116.9	-102  
1587	200   	-102.075	1.05095	-116.9	-102  
1588	200   	-102.075	1.05095	-116.9	-102  
1589	200   	-102.075	1.05095	-116.9	-102  
1590	200   	-102.075	1.05095	-116.9	-102  
1591	200   	-102.075	1.05095	-116.9	-102  
1592	200   	-102.075	1.05095	-116.9	-102  
1593	200   	-102.075	1.05095	-116.9	-102  
1594	200   	-102.075	1.05095	-116.9	-102  
1595	200   	-102.075	1.05095	-116.9	-102  
1596	200   	-102.075	1.05095	-116.9	-102  
1597	200   	-102.075	1.05095	-116.9	-102  
1598	200   	-102.075	1.05095	-116.9	-102  
1599	200   	-102.075	1.05095	-116.9	-102  
1600	200   	-102.075	1.05095	-116.9	-102  
1601	200   	-102.075	1.05095	-116.9	-102  
1602	200   	-102.075	1.05095	-116.9	-102  
1603	200   	-102.075	1.05095	-116.9	-102  
1604	200   	-102.075	1.05095	-116.9	-102  
1605	200   	-102.075	1.05095	-116.9	-102  
1606	200   	-102.075	1.05095	-116.9	-102  
1607	200   	-102.075	1.05095	-116.9	-102  
1608	200   	-102.075	1.05095	-116.9	-102  
1609	200   	-102.075	1.05095	-116.9	-102  
1610	200   	-102.075	1.05095	-116.9	-102  
1611	200   	-102.075	1.05095	-116.9	-102  
1612	200   	-102.075	1.05095	-116.9	-102  
1613	200   	-102.075	1.05095	-116.9	-102  
1614	200   	-102.075	1.05095	-116.9	-102  
1615	200   	-102.075	1.05095	-116.9	-102  
1616	200   	-102.075	1.05095	-116.9	-102  
1617	200   	-102.075	1.05095	-116.9	-102  
1618	200   	-102.075	1.05095	-116.9	-102  
1619	200   	-102.075	1.05095	-116.9	-102  
1620	200   	-102.075	1.05095	-116.9	-102  
1621	200   	-102.075	1.05095	-116.9	-102  
1622	200   	-102.075	1.05095	-116.9	-102  
1623	200   	-102.075	1.05095	-116.9	-102  
1624	200   	-102.075	1.05095	-116.9	-102  
1625	200   	-102.075	1.05095	-116.9	-102  
1626	200   	-102.075	1.05095	-116.9	-102  
1627	200   	-102.075	1.05095	-116.9	-102  
1628	200   	-102.075	1.05095	-116.9	-102  
1629	200   	-102.075	1.05095	-116.9	-102  
1630	200   	-102.075	1.05095	-116.9	-102  
1631	200   	-102.075	1.05095	-116.9	-102  
1632	200   	-102.075	1.05095	-116.9	-102  
1633	200   	-102.075	1.05095	-116.9	-102  
1634	200   	-102.075	1.05095	-116.9	-102  
1635	200   	-102.075	1.05095	-116.9	-102  
1636	200   	-102.075	1.05095	-116.9	-102  
1637	200   	-102.075	1.05095	-116.9	-102  
1638	200   	-102.075	1.05095	-116.9	-102  
1639	200   	-102.075	1.05095	-116.9	-102  
1640	200   	-102.075	1.05095	-116.9	-102  
1641	200   	-102.075	1.05095	-116.9	-102  
1642	200   	-102.075	1.05095	-116.9	-102  
1643	200   	-102.075	1.05095	-116.9	-102  
1644	200   	-102.075	1.05095	-116.9	-102  
1645	200   	-102.075	1.05095	-116.9	-102  
1646	200   	-102.075	1.05095	-116.9	-102  
1647	200   	-102.075	1.05095	-116.9	-102  
1648	200   	-102.075	1.05095	-116.9	-102  
1649	200   	-102.075	1.05095	-116.9	-102  
1650	200   	-102.075	1.05095	-116.9	-102  
1651	200   	-102.075	1.05095	-116.9	-102  
1652	200   	-102.075	1.05095	-116.9	-102  
1653	200   	-102.075	1.05095	-116.9	-102  
1654	200   	-102.075	1.05095	-116.9	-102  
1655	200   	-102.075	1.05095	-116.9	-102  
1656	200   	-102.075	1.05095	-116.9	-102  
1657	200   	-102.075	1.05095	-116.9	-102  
1658	200   	-102.075	1.05095	-116.9	-102  
1659	200   	-102.075	1.05095	-116.9	-102  
1660	200   	-102.075	1.05095	-116.9	-102  
1661	200   	-102.075	1.05095	-116.9	-102  
1662	200   	-102.075	1.05095	-116.9	-102  
1663	200   	-102.075	1.05095	-116.9	-102  
1664	200   	-102.075	1.05095	-116.9	-102  
1665	200   	-102.075	1.05095	-116.9	-102  
1666	200   	-102.075	1.05095	-116.9	-102  
1667	200   	-102.075	1.05095	-116.9	-102  
1668	200   	-102.075	1.05095	-116.9	-102  
1669	200   	-102.075	1.05095	-116.9	-102  
1670	200   	-102.075	1.05095	-116.9	-102  
1671	200   	-102.075	1.05095	-116.9	-102  
1672	200   	-102.075	1.05095	-116.9	-102  
1673	200   	-102.075	1.05095	-116.9	-102  
1674	200   	-102.075	1.05095	-116.9	-102  
1675	200   	-102.075	1.05095	-116.9	-102  
1676	200   	-102.075	1.05095	-116.9	-102  
1677	200   	-102.075	1.05095	-116.9	-102  
1678	200   	-102.075	1.05095	-116.9	-102  
1679	200   	-102.075	1.05095	-116.9	-102  
1680	200   	-102.075	1.05095	-116.9	-102  
1681	200   	-102.075	1.05095	-116.9	-102  
1682	200   	-102.075	1.05095	-116.9	-102  
1683	200   	-102.075	1.05095	-116.9	-102  
1684	200   	-102.075	1.05095	-116.9	-102  
1685	200   	-102.075	1.05095	-116.9	-102  
1686	200   	-102.075	1.05095	-116.9	-102  
1687	200   	-102.075	1.05095	-116.9	-102  
1688	200   	-102.075	1.05095	-116.9	-102  
1689	200   	-102.075	1.05095	-116.9	-102  
1690	200   	-102.075	1.05095	-116.9	-102  
1691	200   	-102.075	1.05095	-116.9	-102  
1692	200   	-102.075	1.05095	-116.9	-102  
1693	200   	-102.075	1.05095	-116.9	-102  
1694	200   	-102.075	1.05095	-116.9	-102  
1695	200   	-102.075	1.05095	-116.9	-102  
1696	200   	-102.075	1.05095	-116.9	-102  
1697	200   	-102.075	1.05095	-116.9	-102  
1698	200   	-102.075	1.05095	-116.9	-102  
1699	200   	-102.075	1.05095	-116.9	-102  
1700	200   	-102.075	1.05095	-116.9	-102  
1701	200   	-102.075	1.05095	-116.9	-102  
1702	200   	-102.075	1.05095	-116.9	-102  
1703	200   	-102.075	1.05095	-116.9	-102  
1704	200   	-102.075	1.05095	-116.9	-102  
1705	200   	-102.075	1.05095	-116.9	-102  
1706	200   	-102.075	1.05095	-116.9	-102  
1707	200   	-102.075	1.05095	-116.9	-102  
1708	200   	-102.075	1.05095	-116.9	-102  
1709	200   	-102.075	1.05095	-116.9	-102  
1710	200   	-102.075	1.05095	-116.9	-102  
1711	200   	-102.075	1.05095	-116.9	-102  
1712	200   	-102.075	1.05095	-116.9	-102  
1713	200   	-102.075	1.05095	-116.9	-102  
1714	200   	-102.075	1.05095	-116.9	-102  
1715	200   	-102.075	1.05095	-116.9	-102  
1716	200   	-102.075	1.05095	-116.9	-102  
1717	200   	-102.075	1.05095	-116.9	-102  
1718	200   	-102.075	1.05095	-116.9	-102  
1719	200   	-102.075	1.05095	-116.9	-102  
1720	200   	-102.075	1.05095	-116.9	-102  
1721	200   	-102.075	1.05095	-116.9	-102  
1722	200   	-102.075	1.05095	-116.9	-102  
1723	200   	-102.075	1.05095	-116.9	-102  
1724	200   	-102.075	1.05095	-116.9	-102  
1725	200   	-102.075	1.05095	-116.9	-102  
1726	200   	-102.075	1.05095	-116.9	-102  
1727	200   	-102.075	1.05095	-116.9	-102  
1728	200   	-102.075	1.05095	-116.9	-102  
1729	200   	-102.075	1.05095	-116.9	-102  
1730	200   	-102.075	1.05095	-116.9	-102  
1731	200   	-102.075	1.05095	-116.9	-102  
1732	200   	-102.075	1.05095	-116.9	-102  
1733	200   	-102.075	1.05095	-116.9	-102  
1734	200   	-102.075	1.05095	-116.9	-102  
1735	200   	-102.075	1.05095	-116.9	-102  
1736	200   	-102.075	1.05095	-116.9	-102  
1737	200   	-102.075	1.05095	-116.9	-102  
1738	200   	-102.075	1.05095	-116.9	-102  
1739	200   	-102.075	1.05095	-116.9	-102  
1740	200   	-102.075	1.05095	-116.9	-102  
1741	200   	-102.075	1.05095	-116.9	-102  
1742	200   	-102.075	1.05095	-116.9	-102  
1743	200   	-102.075	1.05095	-116.9	-102  
1744	200   	-102.075	1.05095	-116.9	-102  
1745	200   	-102.075	1.05095	-116.9	-102  
1746	200   	-102.075	1.05095	-116.9	-102  
1747	200   	-102.075	1.05095	-116.9	-102  
1748	200   	-102.075	1.05095	-116.9	-102  
1749	200   	-102.075	1.05095	-116.9	-102  
1750	200   	-102.075	1.05095	-116.9	-102  
1751	200   	-102.075	1.05095	-116.9	-102  
1752	200   	-102.075	1.05095	-116.9	-102  
1753	200   	-102.075	1.05095	-116.9	-102  
1754	200   	-102.075	1.05095	-116.9	-102  
1755	200   	-102.075	1.05095	-116.9	-102  
1756	200   	-102.075	1.05095	-116.9	-102  
1757	200   	-102.075	1.05095	-116.9	-102  
1758	200   	-102.075	1.05095	-116.9	-102  
1759	200   	-102.075	1.05095	-116.9	-102  
1760	200   	-102.075	1.05095	-116.9	-102  
1761	200   	-102.075	1.05095	-116.9	-102  
1762	200   	-102.075	1.05095	-116.9	-102  
1763	200   	-102.075	1.05095	-116.9	-102  
1764	200   	-102.075	1.05095	-116.9	-102  
1765	200   	-102.075	1.05095	-116.9	-102  
1766	200   	-102.075	1.05095	-116.9	-102  
1767	200   	-102.075	1.05095	-116.9	-102  
1768	200   	-102.075	1.05095	-116.9	-102  
1769	200   	-102.075	1.05095	-116.9	-102  
1770	200   	-102.075	1.05095	-116.9	-102  
1771	200   	-102.075	1.05095	-116.9	-102  
1772	200   	-102.075	1.05095	-116.9	-102  
1773	200   	-102.075	1.05095	-116.9	-102  
1774	200   	-102.075	1.05095	-116.9	-102  
1775	200   	-102.075	1.05095	-116.9	-102  
1776	200   	-102.075	1.05095	-116.9	-102  
1777	200   	-102.075	1.05095	-116.9	-102  
1778	200   	-102.075	1.05095	-116.9	-102  
1779	200   	-102.075	1.05095	-116.9	-102  
1780	200   	-102.075	1.05095	-116.9	-102  
1781	200   	-102.075	1.05095	-116.9	-102  
1782	200   	-102.075	1.05095	-116.9	-102  
1783	200   	-102.075	1.05095	-116.9	-102  
1784	200   	-102.075	1.05095	-116.9	-102  
1785	200   	-102.075	1.05095	-116.9	-102  
1786	200   	-102.075	1.05095	-116.9	-102  
1787	200   	-102.075	1.05095	-116.9	-102  
1788	200   	-102.075	1.05095	-116.9	-102  
1789	200   	-102.075	1.05095	-116.9	-102  
1790	200   	-102.075	1.05095	-116.9	-102  
1791	200   	-102.075	1.05095	-116.9	-102  
1792	200   	-102.075	1.05095	-116.9	-102  
1793	200   	-102.075	1.05095	-116.9	-102  
1794	200   	-102.075	1.05095	-116.9	-102  
1795	200   	-102.075	1.05095	-116.9	-102  
1796	200   	-102.075	1.05095	-116.9	-102  
1797	200   	-102.075	1.05095	-116.9	-102  
1798	200   	-102.075	1.05095	-116.9	-102  
1799	200   	-102.075	1.05095	-116.9	-102  
1800	200   	-102.075	1.05095	-116.9	-102  
1801	200   	-102.075	1.05095	-116.9	-102  
1802	200   	-102.075	1.05095	-116.9	-102  
1803	200   	-102.075	1.05095	-116.9	-102  
1804	200   	-102.075	1.05095	-116.9	-102  
1805	200   	-102.075	1.05095	-116.9	-102  
1806	200   	-102.075	1.05095	-116.9	-102  
1807	200   	-102.075	1.05095	-116.9	-102  
1808	200   	-102.075	1.05095	-116.9	-102  
1809	200   	-102.075	1.05095	-116.9	-102  
1810	200   	-102.075	1.05095	-116.9	-102  
1811	200   	-102.075	1.05095	-116.9	-102  
1812	200   	-102.075	1.05095	-116.9	-102  
1813	200   	-102.075	1.05095	-116.9	-102  
1814	200   	-102.075	1.05095	-116.9	-102  
1815	200   	-102.075	1.05095	-116.9	-102  
1816	200   	-102.075	1.05095	-116.9	-102  
1817	200   	-102.075	1.05095	-116.9	-102  
1818	200   	-102.075	1.05095	-116.9	-102  
1819	200   	-102.075	1.05095	-116.9	-102  
1820	200   	-102.075	1.05095	-116.9	-102  
1821	200   	-102.075	1.05095	-116.9	-102  
1822	200   	-102.075	1.05095	-116.9	-102  
1823	200   	-102.075	1.05095	-116.9	-102  
1824	200   	-102.075	1.05095	-116.9	-102  
1825	200   	-102.075	1.05095	-116.9	-102  
1826	200   	-102.075	1.05095	-116.9	-102  
1827	200   	-102.075	1.05095	-116.9	-102  
1828	200   	-102.075	1.05095	-116.9	-102  
1829	200   	-102.075	1.05095	-116.9	-102  
1830	200   	-102.075	1.05095	-116.9	-102  
1831	200   	-102.075	1.05095	-116.9	-102  
1832	200   	-102.075	1.05095	-116.9	-102  
1833	200   	-102.075	1.05095	-116.9	-102  
1834	200   	-102.075	1.05095	-116.9	-102  
1835	200   	-102.075	1.05095	-116.9	-102  
1836	200   	-102.075	1.05095	-116.9	-102  
1837	200   	-102.075	1.05095	-116.9	-102  
1838	200   	-102.075	1.05095	-116.9	-102  
1839	200   	-102.075	1.05095	-116.9	-102  
1840	200   	-102.075	1.05095	-116.9	-102  
1841	200   	-102.075	1.05095	-116.9	-102  
1842	200   	-102.075	1.05095	-116.9	-102  
1843	200   	-102.075	1.05095	-116.9	-102  
1844	200   	-102.075	1.05095	-116.9	-102  
1845	200   	-102.075	1.05095	-116.9	-102  
1846	200   	-102.075	1.05095	-116.9	-102  
1847	200   	-102.075	1.05095	-116.9	-102  
1848	200   	-102.075	1.05095	-116.9	-102  
1849	200   	-102.075	1.05095	-116.9	-102  
1850	200   	-102.075	1.05095	-116.9	-102  
1851	200   	-102.075	1.05095	-116.9	-102  
1852	200   	-102.075	1.05095	-116.9	-102  
1853	200   	-102.075	1.05095	-116.9	-102  
1854	200   	-102.075	1.05095	-116.9	-102  
1855	200   	-102.075	1.05095	-116.9	-102  
1856	200   	-102.075	1.05095	-116.9	-102  
1857	200   	-102.075	1.05095	-116.9	-102  
1858	200   	-102.075	1.05095	-116.9	-102  
1859	200   	-102.075	1.05095	-116.9	-102  
1860	200   	-102.075	1.05095	-116.9	-102  
1861	200   	-102.075	1.05095	-116.9	-102  
1862	200   	-102.075	1.05095	-116.9	-102  
1863	200   	-102.075	1.05095	-116.9	-102  
1864	200   	-102.075	1.05095	-116.9	-102  
1865	200   	-102.075	1.05095	-116.9	-102  
1866	200   	-102.075	1.05095	-116.9	-102  
1867	200   	-102.075	1.05095	-116.9	-102  
1868	200   	-102.075	1.05095	-116.9	-102  
1869	200   	-102.075	1.05095	-116.9	-102  
1870	200   	-102.075	1.05095	-116.9	-102  
1871	200   	-102.075	1.05095	-116.9	-102  
1872	200   	-102.075	1.05095	-116.9	-102  
1873	200   	-102.075	1.05095	-116.9	-102  
1874	200   	-102.075	1.05095	-116.9	-102  
1875	200   	-102.075	1.05095	-116.9	-102  
1876	200   	-102.075	1.05095	-116.9	-102  
1877	200   	-102.075	1.05095	-116.9	-102  
1878	200   	-102.075	1.05095	-116.9	-102  
1879	200   	-102.075	1.05095	-116.9	-102  
1880	200   	-102.075	1.05095	-116.9	-102  
1881	200   	-102.075	1.05095	-116.9	-102  
1882	200   	-102.075	1.05095	-116.9	-102  
1883	200   	-102.075	1.05095	-116.9	-102  
1884	200   	-102.075	1.05095	-116.9	-102  
1885	200   	-102.075	1.05095	-116.9	-102  
1886	200   	-102.075	1.05095	-116.9	-102  
1887	200   	-102.075	1.05095	-116.9	-102  
1888	200   	-102.075	1.05095	-116.9	-102  
1889	200   	-102.075	1.05095	-116.9	-102  
1890	200   	-102.075	1.05095	-116.9	-102  
1891	200   	-102.075	1.05095	-116.9	-102  
1892	200   	-102.075	1.05095	-116.9	-102  
1893	200   	-102.075	1.05095	-116.9	-102  
1894	200   	-102.075	1.05095	-116.9	-102  
1895	200   	-102.075	1.05095	-116.9	-102  
1896	200   	-102.075	1.05095	-116.9	-102  
1897	200   	-102.075	1.05095	-116.9	-102  
1898	200   	-102.075	1.05095	-116.9	-102  
1899	200   	-102.075	1.05095	-116.9	-102  
1900	200   	-102.075	1.05095	-116.9	-102  
1901	200   	-102.075	1.05095	-116.9	-102  
1902	200   	-102.075	1.05095	-116.9	-102  
1903	200   	-102.075	1.05095	-116.9	-102  
1904	200   	-102.075	1.05095	-116.9	-102  
1905	200   	-102.075	1.05095	-116.9	-102  
1906	200   	-102.075	1.05095	-116.9	-102  
1907	200   	-102.075	1.05095	-116.9	-102  
1908	200   	-102.075	1.05095	-116.9	-102  
1909	200   	-102.075	1.05095	-116.9	-102  
1910	200   	-102.075	1.05095	-116.9	-102  
1911	200   	-102.075	1.05095	-116.9	-102  
1912	200   	-102.075	1.05095	-116.9	-102  
1913	200   	-102.075	1.05095	-116.9	-102  
1914	200   	-102.075	1.05095	-116.9	-102  
1915	200   	-102.075	1.05095	-116.9	-102  
1916	200   	-102.075	1.05095	-116.9	-102  
1917	200   	-102.075	1.05095	-116.9	-102  
1918	200   	-102.075	1.05095	-116.9	-102  
1919	200   	-102.075	1.05095	-116.9	-102  
1920	200   	-102.075	1.05095	-116.9	-102  
1921	200   	-102.075	1.05095	-116.9	-102  
1922	200   	-102.075	1.05095	-116.9	-102  
1923	200   	-102.075	1.05095	-116.9	-102  
1924	200   	-102.075	1.05095	-116.9	-102  
1925	200   	-102.075	1.05095	-116.9	-102  
1926	200   	-102.075	1.05095	-116.9	-102  
1927	200   	-102.075	1.05095	-116.9	-102  
1928	200   	-102.075	1.05095	-116.9	-102  
1929	200   	-102.075	1.05095	-116.9	-102  
1930	200   	-102.075	1.05095	-116.9	-102  
1931	200   	-102.075	1.05095	-116.9	-102  
1932	200   	-102.075	1.05095	-116.9	-102  
1933	200   	-102.075	1.05095	-116.9	-102  
1934	200   	-102.075	1.05095	-116.9	-102  
1935	200   	-102.075	1.05095	-116.9	-102  
1936	200   	-102.075	1.05095	-116.9	-102  
1937	200   	-102.075	1.05095	-116.9	-102  
1938	200   	-102.075	1.05095	-116.9	-102  
1939	200   	-102.075	1.05095	-116.9	-102  
1940	200   	-102.075	1.05095	-116.9	-102  
1941	200   	-102.075	1.05095	-116.9	-102  
1942	200   	-102.075	1.05095	-116.9	-102  
1943	200   	-102.075	1.05095	-116.9	-102  
1944	200   	-102.075	1.05095	-116.9	-102  
1945	200   	-102.075	1.05095	-116.9	-102  
1946	200   	-102.075	1.05095	-116.9	-102  
1947	200   	-102.075	1.05095	-116.9	-102  
1948	200   	-102.075	1.05095	-116.9	-102  
1949	200   	-102.075	1.05095	-116.9	-102  
1950	200   	-102.075	1.05095	-116.9	-102  
1951	200   	-102.075	1.05095	-116.9	-102  
1952	200   	-102.075	1.05095	-116.9	-102  
1953	200   	-102.075	1.05095	-116.9	-102  
1954	200   	-102.075	1.05095	-116.9	-102  
1955	200   	-102.075	1.05095	-116.9	-102  
1956	200   	-102.075	1.05095	-116.9	-102  
1957	200   	-102.075	1.05095	-116.9	-102  
1958	200   	-102.075	1.05095	-116.9	-102  
1959	200   	-102.075	1.05095	-116.9	-102  
1960	200   	-102.075	1.05095	-116.9	-102  
1961	200   	-102.075	1.05095	-116.9	-102  
1962	200   	-102.075	1.05095	-116.9	-102  
1963	200   	-102.075	1.05095	-116.9	-102  
1964	200   	-102.075	1.05095	-116.9	-102  
1965	200   	-102.075	1.05095	-116.9	-102  
1966	200   	-102.075	1.05095	-116.9	-102  
1967	200   	-102.075	1.05095	-116.9	-102  
1968	200   	-102.075	1.05095	-116.9	-102  
1969	200   	-102.075	1.05095	-116.9	-102  
1970	200   	-102.075	1.05095	-116.9	-102  
1971	200   	-102.075	1.05095	-116.9	-102  
1972	200   	-102.075	1.05095	-116.9	-102  
1973	200   	-102.075	1.05095	-116.9	-102  
1974	200   	-102.075	1.05095	-116.9	-102  
1975	200   	-102.075	1.05095	-116.9	-102  
1976	200   	-102.075	1.05095	-116.9	-102  
1977	200   	-102.075	1.05095	-116.9	-102  
1978	200   	-102.075	1.05095	-116.9	-102  
1979	200   	-102.075	1.05095	-116.9	-102  
1980	200   	-102.075	1.05095	-116.9	-102  
1981	200   	-102.075	1.05095	-116.9	-102  
1982	200   	-102.075	1.05095	-116.9	-102  
1983	200   	-102.075	1.05095	-116.9	-102  
1984	200   	-102.075	1.05095	-116.9	-102  
1985	200   	-102.075	1.05095	-116.9	-102  
1986	200   	-102.075	1.05095	-116.9	-102  
1987	200   	-102.075	1.05095	-116.9	-102  
1988	200   	-102.075	1.05095	-116.9	-102  
1989	200   	-102.075	1.05095	-116.9	-102  
1990	200   	-102.075	1.05095	-116.9	-102  
1991	200   	-102.075	1.05095	-116.9	-102  
1992	200   	-102.075	1.05095	-116.9	-102  
1993	200   	-102.075	1.05095	-116.9	-102  
1994	200   	-102.075	1.05095	-116.9	-102  
1995	200   	-102.075	1.05095	-116.9	-102  
1996	200   	-102.075	1.05095	-116.9	-102  
1997	200   	-102.075	1.05095	-116.9	-102  
1998	200   	-102.075	1.05095	-116.9	-102  
1999	200   	-102.075	1.05095	-116.9	-102  
2000	200   	-102.075	1.05095	-116.9	-102  